ID,SUPPORTCALLSYEAR,SUPPORTCALLSMONTH,COMPLAINTSYEAR,COMPLAINTSMONTH,CHURN
10001,11,2,0,0,T
1003,0,0,2,0,F
10047,0,0,0,0,F
10096,1,1,2,1,F
1018,0,0,5,3,T
10192,14,2,3,2,T
10216,18,2,2,1,T
10234,0,0,0,0,F
10265,20,4,2,1,T
1029,0,0,0,0,F
10301,5,5,0,0,F
10349,3,3,4,2,T
10430,5,5,4,2,T
10436,0,0,2,1,F
10454,4,0,2,1,F
10518,19,4,3,2,T
10535,0,0,0,0,F
10588,15,5,2,1,T
10608,2,0,2,1,F
10629,10,4,0,0,F
1064,4,4,0,0,F
10658,36,6,0,0,T
10663,3,3,9,5,T
10669,2,0,2,1,F
10690,0,0,0,0,F
1070,0,0,4,3,F
10738,3,0,2,1,F
10752,3,0,6,4,T
10768,4,4,0,0,F
10804,1,1,4,2,T
10812,2,0,0,0,F
1090,0,0,0,0,F
10930,0,0,0,0,F
10949,0,0,0,0,F
10965,0,0,0,0,F
11001,19,4,2,1,T
1102,3,3,0,0,F
11026,0,0,2,1,T
11048,53,5,2,1,T
11072,4,0,2,1,F
11144,13,3,0,0,T
11187,0,0,4,2,T
11200,4,0,2,1,T
11227,1,1,2,1,F
11266,18,5,0,0,T
11267,2,2,2,1,F
11271,0,0,2,1,F
11284,4,4,2,1,T
1134,0,0,2,0,F
1135,4,4,0,0,F
11390,57,8,0,0,T
11391,4,4,0,0,F
11401,0,0,4,2,T
11415,37,8,2,1,T
11460,23,7,2,1,T
11464,9,1,3,2,T
1150,6,6,4,2,T
11512,3,0,1,0,F
11521,3,0,2,1,F
11571,4,0,3,2,T
11595,4,0,0,0,F
11632,6,1,0,0,F
1170,2,2,2,1,F
11722,0,0,2,1,F
11760,0,0,7,5,T
11811,0,0,0,0,F
11888,0,0,0,0,F
11973,29,4,0,0,T
1207,13,3,0,0,T
1233,19,2,2,1,T
1269,1,1,4,2,T
1334,0,0,2,1,F
1404,28,4,0,0,T
1458,10,2,2,1,F
1491,0,0,2,1,F
1496,0,0,2,1,T
1509,4,0,3,2,T
1510,0,0,2,1,F
1530,0,0,0,0,F
1561,1,1,0,0,F
1879,10,2,3,2,T
1898,0,0,0,0,F
1915,2,2,2,1,F
1926,20,6,3,2,T
1955,2,2,0,0,F
1988,1,1,2,1,F
2002,0,0,0,0,F
2027,21,4,2,1,T
2126,1,1,3,2,F
2222,18,2,2,1,T
2231,1,0,2,1,F
2232,35,5,0,0,T
2240,16,4,0,0,T
2250,0,0,0,0,F
2330,4,0,0,0,F
2340,4,4,4,2,T
2365,0,0,0,0,F
2370,0,0,2,1,F
2371,4,0,0,0,F
2382,4,4,0,0,F
2439,11,2,2,1,T
2486,32,4,4,3,T
2517,1,1,0,0,F
2654,2,0,0,0,F
2672,2,2,2,1,F
2697,11,5,0,0,T
2741,3,0,2,1,F
2764,0,0,2,1,F
2773,0,0,2,1,F
2780,0,0,0,0,F
2812,9,2,0,0,F
2814,15,3,2,1,T
2835,55,5,0,0,T
2875,0,0,0,0,F
2889,0,0,2,1,F
2901,4,4,2,1,F
2906,6,1,2,1,F
2945,2,2,3,2,F
2996,4,4,2,1,F
3003,0,0,0,0,F
3005,4,4,0,0,F
3070,0,0,2,1,F
3109,42,6,0,0,T
3129,19,2,0,0,T
3145,0,0,7,4,T
3148,0,0,6,5,T
3153,0,0,0,0,F
3188,1,1,1,0,F
3253,22,4,0,0,T
3297,0,0,0,0,F
3322,0,0,2,1,F
3372,2,2,5,4,T
3395,0,0,8,4,T
3401,0,0,7,4,T
3409,12,2,2,1,T
3418,9,2,0,0,F
3515,0,0,0,0,F
3544,0,0,4,2,T
3625,3,3,1,0,F
3633,0,0,0,0,T
3655,6,2,2,1,F
3684,0,0,0,0,F
3686,11,4,6,3,T
3727,0,0,0,0,F
3751,0,0,0,0,F
3816,1,1,2,1,F
3864,11,2,2,1,T
3918,1,1,0,0,F
4012,0,0,0,0,F
4025,1,0,0,0,F
4032,1,1,2,1,T
4074,0,0,2,1,F
4090,1,1,2,1,F
4100,3,3,2,1,F
4121,2,2,2,1,F
4191,21,2,2,1,T
4205,0,0,0,0,F
4230,0,0,2,1,F
4238,13,3,3,2,T
4252,2,2,2,1,F
4259,13,3,0,0,T
4290,0,0,2,1,F
4332,2,2,2,1,F
4405,3,3,1,0,F
4456,3,0,2,1,F
4469,6,6,4,2,T
4476,0,0,2,1,F
4481,0,0,4,2,T
4494,1,1,2,1,F
4555,31,4,2,1,T
4595,4,0,0,0,F
4684,0,0,2,1,F
4700,10,4,0,0,F
4709,0,0,2,1,F
4729,8,1,0,0,F
4757,1,0,0,0,F
4773,0,0,0,0,F
4910,3,0,0,0,F
4963,0,0,2,1,T
4985,15,2,2,1,T
5012,5,5,0,0,F
5038,5,5,0,0,F
5041,0,0,2,1,T
5051,1,1,2,1,F
5058,3,0,2,1,F
5121,1,0,2,1,T
5125,0,0,2,1,F
5144,4,4,2,1,F
5165,0,0,7,4,T
5179,2,2,0,0,F
5194,3,0,4,2,T
5212,29,3,0,0,T
5213,4,4,0,0,F
5223,2,0,2,1,F
5231,4,0,0,0,F
5232,4,4,0,0,T
5239,1,0,0,0,F
5282,3,3,2,1,F
5289,4,0,0,0,F
5376,23,4,0,0,T
5377,6,1,2,1,F
5388,0,0,0,0,F
5414,1,0,8,4,F
5468,13,4,0,0,T
5497,0,0,0,0,F
5508,0,0,0,0,F
5538,0,0,2,1,F
5606,0,0,1,0,F
5621,4,0,0,0,F
5628,4,0,0,0,F
5635,8,1,2,1,F
5636,0,0,2,1,F
5723,1,1,2,0,F
5748,0,0,0,0,F
5773,3,3,0,0,F
5847,4,0,2,0,F
6040,33,4,2,1,T
6077,4,0,0,0,F
6148,6,6,1,0,F
6175,10,2,0,0,F
6185,14,2,2,1,T
6190,0,0,0,0,F
6191,0,0,3,2,T
6242,0,0,2,1,F
6261,2,2,0,0,F
6324,3,0,5,4,T
6362,23,4,2,1,T
6364,3,3,2,1,T
6423,0,0,2,1,T
6441,2,2,0,0,F
6536,4,0,2,1,F
6559,4,4,2,1,F
6584,33,6,0,0,T
6613,3,0,2,1,F
6694,2,2,2,1,F
6718,0,0,0,0,F
6730,0,0,0,0,F
6731,8,8,0,0,F
6810,0,0,0,0,F
6817,1,0,4,3,T
6833,1,0,2,1,F
6849,20,2,2,1,T
6902,2,2,2,0,F
6918,1,0,2,1,T
6928,1,1,0,0,F
6950,3,3,0,0,F
6952,1,1,0,0,F
6988,1,0,0,0,F
7035,17,2,2,1,T
7041,3,3,2,1,F
7062,0,0,0,0,F
7075,0,0,0,0,F
7088,0,0,0,0,F
7173,21,2,2,1,T
7195,0,0,0,0,F
7345,46,6,2,1,T
7365,53,6,3,2,T
7366,0,0,0,0,F
7408,0,0,0,0,F
7479,30,4,2,0,T
7490,0,0,0,0,F
7497,0,0,2,1,F
7505,0,0,0,0,F
7524,8,3,2,1,F
7632,4,0,0,0,F
7658,4,0,2,1,T
7659,2,2,0,0,F
7713,4,4,0,0,F
7762,4,4,0,0,F
7768,7,7,0,0,F
7814,0,0,4,3,T
7833,2,0,0,0,F
7838,3,3,4,2,T
7998,1,1,5,3,T
8023,5,1,0,0,F
8032,4,4,2,1,F
8038,14,2,0,0,T
8065,0,0,0,0,F
8066,5,5,2,0,F
8085,0,0,0,0,F
8215,29,4,0,0,T
8219,0,0,2,1,F
8229,24,4,0,0,T
8250,0,0,2,1,F
8269,2,0,4,2,T
8281,22,4,0,0,T
8288,0,0,0,0,F
8301,10,2,0,0,F
8336,0,0,0,0,F
8453,4,4,2,1,F
8476,0,0,0,0,F
8477,1,1,2,1,F
8488,2,2,0,0,F
8490,0,0,4,2,T
8509,34,6,0,0,T
8512,12,2,2,1,T
8536,2,2,0,0,F
8550,56,6,0,0,T
8564,2,2,2,1,F
8575,0,0,0,0,F
8589,0,0,0,0,F
8645,3,0,2,1,F
8662,2,0,0,0,F
8737,1,0,0,0,T
8745,3,0,2,1,T
8837,4,4,0,0,F
8878,0,0,0,0,F
8947,0,0,0,0,F
9005,1,1,0,0,F
9033,5,5,0,0,F
9088,15,3,2,1,T
9092,0,0,1,0,F
9120,11,2,2,0,T
9127,3,0,0,0,F
9142,0,0,0,0,F
9274,2,2,0,0,F
9285,9,3,0,0,F
9316,0,0,0,0,F
9334,25,5,2,1,T
9354,1,1,2,1,T
9391,0,0,2,1,F
9412,3,0,0,0,F
9415,0,0,3,2,T
9425,23,3,0,0,T
9428,4,4,0,0,F
9447,2,2,2,1,F
9472,1,0,0,0,F
9583,11,3,2,1,T
9602,0,0,3,2,T
9617,1,1,2,1,T
9620,12,3,3,2,T
9627,1,1,2,1,F
9639,0,0,4,2,T
9662,3,3,2,1,F
9706,2,2,0,0,F
9713,3,3,2,1,F
9742,2,2,0,0,F
9775,1,1,2,1,F
9785,2,2,0,0,F
9813,22,3,2,1,T
9866,1,1,2,1,F
9867,13,2,0,0,T
9876,3,0,2,1,T
9882,1,1,2,1,F
9936,5,5,0,0,F
9943,3,3,2,1,F
9977,0,0,1,0,F
9986,1,0,0,0,T
9992,8,8,0,0,F
9993,7,2,0,0,F
10002,0,0,2,1,F
10004,12,5,0,0,T
10024,0,0,0,0,F
10093,11,3,6,3,T
10111,3,0,0,0,F
10149,0,0,0,0,F
10242,0,0,0,0,F
10261,4,0,0,0,F
1027,4,4,2,1,F
10309,0,0,3,2,T
10325,0,0,0,0,F
10328,0,0,2,1,F
10334,0,0,2,1,F
10339,3,3,2,1,F
10359,3,3,1,0,F
10447,3,3,6,4,T
10459,0,0,2,1,T
10466,5,5,0,0,F
10482,0,0,2,0,F
10500,2,2,2,1,F
10526,0,0,1,0,F
10537,0,0,0,0,F
10634,4,4,2,1,F
10636,33,4,2,1,T
10667,3,0,2,1,F
10682,44,4,0,0,T
10734,0,0,2,1,F
10743,3,0,3,2,T
10826,14,2,2,1,T
10828,4,0,0,0,F
10836,2,2,2,1,F
10844,2,2,0,0,F
10921,0,0,3,2,F
10960,4,0,1,0,F
10985,0,0,6,5,T
11010,4,4,0,0,F
11018,2,2,0,0,F
11040,2,0,0,0,F
11094,2,0,0,0,F
11143,4,0,0,0,F
11149,0,0,1,0,F
11159,2,2,0,0,F
11181,5,5,6,4,T
11205,4,4,0,0,F
11280,2,2,0,0,F
11340,0,0,0,0,F
11342,26,3,0,0,T
11385,0,0,2,1,T
11420,0,0,3,2,T
11435,0,0,0,0,F
11441,5,1,0,0,F
11466,2,2,0,0,F
11468,0,0,2,1,F
1147,10,1,2,1,F
11494,1,0,2,1,F
11518,1,0,0,0,F
1152,28,4,0,0,T
11552,0,0,2,1,F
11594,29,4,4,2,T
11609,1,0,3,2,F
11654,9,1,1,0,F
11681,25,3,0,0,T
11718,4,0,0,0,F
11754,0,0,0,0,F
11780,0,0,6,3,F
11787,2,0,2,1,F
11789,7,1,2,1,F
11819,4,4,0,0,F
1186,3,0,2,1,F
11861,6,6,0,0,F
11876,0,0,0,0,F
11889,27,4,0,0,T
11920,2,2,4,2,T
11921,33,4,2,1,T
11952,0,0,2,1,F
11975,3,3,0,0,F
11978,0,0,0,0,F
11999,0,0,2,1,F
1210,2,0,0,0,F
1252,3,0,2,1,T
1347,0,0,2,1,F
1378,1,1,2,1,F
1394,5,1,0,0,F
1395,0,0,2,1,F
1498,0,0,2,1,F
1527,6,6,0,0,F
1558,0,0,0,0,F
1669,8,1,2,1,F
1690,4,0,0,0,F
1762,0,0,2,1,T
1770,2,0,0,0,F
1776,11,2,4,2,T
1827,33,6,2,1,T
1859,0,0,0,0,F
1871,0,0,2,1,T
1904,0,0,3,2,T
1918,4,4,0,0,F
1929,2,0,0,0,F
1944,1,0,0,0,F
1966,17,2,2,1,T
1981,2,2,4,2,T
1996,20,2,5,3,T
2048,0,0,0,0,F
2132,34,3,2,1,T
2217,4,4,2,0,F
2267,2,2,0,0,F
2462,0,0,2,1,F
2494,9,2,1,0,F
2501,43,4,0,0,T
2519,9,2,0,0,F
2701,2,0,0,0,F
2748,4,4,2,0,F
2762,0,0,0,0,F
2860,1,1,3,2,T
2950,0,0,0,0,F
3055,0,0,2,1,F
3090,0,0,2,1,T
3102,0,0,0,0,F
3104,5,1,2,1,F
3123,2,2,0,0,F
3149,0,0,0,0,F
3182,6,6,6,5,T
3189,4,0,0,0,F
3213,4,0,2,1,F
3237,0,0,2,1,F
3252,1,1,2,1,F
3354,0,0,4,2,T
3368,6,6,0,0,F
3377,2,0,4,2,F
3421,2,2,0,0,F
3426,6,6,6,3,T
3428,29,3,0,0,T
3432,1,0,2,1,F
3439,1,1,0,0,F
3441,4,4,2,1,F
3481,0,0,5,3,T
3507,21,3,0,0,T
3516,0,0,2,1,F
3542,0,0,0,0,F
3622,0,0,0,0,F
3634,14,2,4,2,T
3648,5,5,2,0,F
3711,0,0,0,0,F
3725,3,3,2,1,F
3743,15,4,0,0,T
3750,0,0,0,0,F
3756,4,0,2,1,F
3768,3,0,2,1,T
3777,6,6,0,0,F
3815,0,0,0,0,F
3826,1,0,2,1,F
3835,0,0,0,0,F
3840,0,0,0,0,F
3860,0,0,0,0,F
3886,0,0,0,0,F
3910,5,2,0,0,T
3946,0,0,0,0,F
3958,1,1,0,0,F
4019,33,8,2,1,T
4031,0,0,0,0,F
4086,11,1,2,1,F
4132,0,0,2,1,F
4135,11,4,8,5,T
4239,11,5,2,1,T
4288,1,0,4,2,T
4289,9,5,2,1,F
4307,0,0,2,1,F
4311,1,1,0,0,F
4313,0,0,2,1,F
4314,15,7,6,3,F
4318,2,0,2,1,F
4339,1,1,7,4,T
4353,0,0,0,0,F
4385,0,0,2,1,T
4403,2,0,4,2,T
4428,3,3,0,0,F
4470,0,0,0,0,F
4493,3,3,2,1,F
4549,0,0,0,0,F
4570,2,2,3,2,T
4574,1,1,0,0,F
4596,0,0,2,1,F
4610,10,2,0,0,F
4616,0,0,6,4,T
4639,3,0,0,0,F
4666,23,2,0,0,T
4689,4,4,4,2,F
4740,3,0,0,0,F
4811,3,0,0,0,F
4838,6,1,3,2,T
4860,0,0,0,0,F
4866,0,0,8,5,T
4877,0,0,6,5,T
4884,4,0,2,1,F
4920,3,3,2,1,F
4938,0,0,0,0,F
4939,6,6,2,0,F
4976,3,3,3,2,F
4990,0,0,2,1,F
4995,0,0,0,0,F
5016,0,0,4,2,T
5033,12,3,6,4,T
5067,20,3,7,4,T
5075,4,4,0,0,F
5150,4,0,0,0,F
5241,0,0,0,0,F
5245,0,0,3,2,T
5261,0,0,0,0,F
5285,0,0,0,0,F
5312,0,0,2,1,F
5405,4,4,2,1,F
5428,1,1,0,0,F
5626,6,2,4,2,T
5732,0,0,0,0,F
5771,4,4,4,2,T
5840,1,0,4,3,T
5842,0,0,2,1,F
5865,0,0,1,0,F
5876,1,0,0,0,F
5901,1,0,1,0,F
5912,2,0,2,0,F
5917,4,0,0,0,F
5920,21,5,2,1,T
5965,0,0,3,2,T
6017,0,0,2,1,F
6075,2,0,2,1,F
6122,7,1,0,0,F
6170,3,3,4,2,T
6189,0,0,3,2,T
6202,6,6,2,1,F
6215,0,0,6,5,T
6235,2,2,4,2,T
6248,27,3,4,3,F
6312,20,2,3,2,T
6369,1,1,0,0,F
6370,0,0,4,2,T
6375,19,3,0,0,T
6376,0,0,2,1,T
6386,0,0,0,0,F
6430,7,7,0,0,F
6438,0,0,2,1,F
6468,1,0,5,3,T
6525,10,2,0,0,F
6561,0,0,2,1,F
6602,1,0,2,1,T
6634,3,0,0,0,T
6701,1,0,2,1,F
6707,0,0,9,5,T
6797,0,0,0,0,F
6854,2,2,4,2,T
6884,19,4,2,1,T
6894,0,0,0,0,F
6923,1,1,0,0,F
6947,8,8,0,0,F
6959,3,0,0,0,F
6977,14,2,2,1,T
6989,7,1,7,5,T
7085,15,2,4,2,T
7095,0,0,5,3,T
7155,5,1,2,0,F
7193,25,3,2,1,T
7214,15,4,0,0,T
7215,0,0,8,4,T
7222,1,1,2,0,F
7306,0,0,0,0,F
7312,2,2,2,1,F
7339,0,0,2,1,F
7393,9,2,2,1,F
7394,3,3,2,1,F
7580,0,0,2,1,F
7598,15,6,2,1,T
7715,1,0,0,0,F
7743,1,1,2,1,F
7748,0,0,2,1,T
7795,3,0,2,1,F
7824,28,3,2,1,T
7870,3,0,2,1,F
7901,2,2,2,1,T
7924,0,0,4,2,T
7961,4,4,0,0,F
8044,23,3,2,1,T
8090,0,0,0,0,F
8101,0,0,2,1,T
8220,10,2,0,0,F
8227,11,1,0,0,F
8241,19,2,2,1,T
8340,18,3,2,1,T
8342,3,3,0,0,F
8369,16,3,2,1,T
8381,3,3,2,1,F
8385,0,0,0,0,F
8392,26,6,5,3,T
8413,0,0,0,0,F
8421,5,1,2,1,F
8495,3,0,0,0,F
8595,0,0,0,0,F
8644,1,0,0,0,F
8673,0,0,0,0,F
8725,22,2,0,0,T
8736,30,7,0,0,T
8742,17,3,2,1,T
8749,0,0,3,2,T
8754,0,0,2,1,F
8757,3,0,0,0,F
8778,0,0,0,0,F
8818,9,2,4,3,T
8908,10,4,2,1,F
8909,0,0,0,0,F
8959,0,0,2,1,F
8965,18,4,0,0,T
8984,21,2,4,2,T
8997,1,1,2,1,F
9011,2,0,2,1,F
9020,9,1,4,2,T
9025,0,0,0,0,F
9027,3,0,5,3,T
9039,0,0,0,0,F
9048,2,2,4,2,T
9066,1,1,0,0,F
9069,3,3,2,1,F
9136,0,0,4,2,T
9147,5,5,2,1,F
9150,0,0,6,3,T
9188,5,5,0,0,F
9222,0,0,0,0,F
9352,0,0,4,2,T
9416,2,0,1,0,F
9430,19,3,0,0,T
9436,1,1,2,1,T
9553,3,0,4,2,T
9634,19,2,3,2,T
9635,1,1,4,2,T
9688,1,1,4,2,T
9710,20,3,0,0,T
9765,1,0,2,1,F
9805,28,3,2,1,T
9809,8,3,2,1,F
9816,4,4,0,0,F
9850,8,8,0,0,F
9860,4,0,0,0,F
9883,5,5,2,1,F
9901,3,3,0,0,F
9949,0,0,2,1,F
10006,17,8,2,0,T
10014,0,0,2,1,F
10067,3,3,2,1,F
10070,17,3,2,1,T
10103,6,6,0,0,F
10114,12,2,4,2,F
10124,3,0,2,1,F
10181,3,3,8,4,T
10191,6,6,0,0,F
10193,2,2,4,2,T
10204,32,4,0,0,T
10218,0,0,2,1,T
1022,10,4,2,1,F
10270,7,1,0,0,F
10315,10,2,1,0,F
1032,0,0,2,1,F
1037,0,0,0,0,F
10391,7,2,4,2,T
10402,0,0,10,5,T
10405,2,2,0,0,F
10410,4,0,0,0,F
10420,2,2,0,0,F
10434,0,0,3,2,F
1047,21,4,4,2,F
10545,3,3,0,0,F
10558,21,6,2,1,T
1056,4,4,0,0,F
10590,1,0,10,5,T
10620,0,0,2,0,F
10623,11,3,0,0,T
10625,2,2,0,0,F
10626,0,0,2,1,F
10638,1,0,0,0,F
1066,1,1,2,1,F
10679,11,2,2,1,T
10715,0,0,8,4,T
10739,0,0,0,0,F
10763,3,3,0,0,F
10809,0,0,8,4,T
10811,2,2,2,1,F
10814,3,0,10,5,T
10879,6,6,3,2,T
10902,0,0,8,4,T
10967,0,0,3,2,T
10997,2,2,2,1,F
11019,2,0,1,0,F
11079,3,3,1,0,F
11102,3,3,0,0,F
11136,0,0,0,0,F
11151,0,0,2,1,F
11155,4,4,0,0,F
11162,0,0,3,2,T
11164,7,4,0,0,F
11168,17,7,2,1,T
11169,0,0,0,0,F
11175,2,0,2,1,F
11216,0,0,2,1,T
11217,4,4,5,4,T
11231,4,4,0,0,F
11297,0,0,3,2,T
11406,0,0,2,1,F
1144,26,8,2,1,T
1145,12,4,0,0,T
11470,30,3,0,0,T
11471,0,0,0,0,F
11517,3,3,2,1,F
11540,24,4,0,0,T
11562,1,1,0,0,F
11601,0,0,2,1,T
11687,0,0,0,0,F
11704,0,0,2,1,F
11705,2,0,0,0,F
1177,4,0,2,1,F
1181,3,0,0,0,F
11814,0,0,2,1,F
11817,10,2,3,2,T
1206,2,2,3,2,T
1281,2,0,4,2,T
1296,0,0,4,2,T
1361,2,2,3,2,T
1396,29,3,0,0,T
1405,0,0,2,1,F
1430,2,0,5,3,T
1451,4,0,2,1,F
1538,0,0,2,1,F
1544,1,1,2,1,F
1548,0,0,0,0,F
1564,0,0,2,0,F
1598,3,3,2,1,T
1601,5,1,2,1,F
1652,0,0,2,1,F
1683,25,5,2,1,T
1713,0,0,2,1,F
1716,2,0,2,0,F
1729,1,1,3,2,T
1768,0,0,2,1,F
1796,0,0,0,0,F
1866,0,0,2,1,F
1881,0,0,0,0,F
1894,0,0,0,0,F
1927,2,2,2,1,F
1931,2,0,0,0,F
1940,14,4,2,1,T
1950,3,3,2,1,F
1980,32,3,0,0,T
1983,10,1,0,0,F
1990,11,1,2,1,F
2018,4,4,8,4,T
2042,0,0,0,0,F
2090,0,0,2,1,F
2123,0,0,2,1,F
2137,0,0,2,1,T
2198,2,0,0,0,F
2216,0,0,0,0,F
2290,18,5,2,1,T
2315,6,3,2,1,F
2345,0,0,1,0,F
2348,12,2,4,2,T
2401,0,0,0,0,F
2429,11,2,2,1,T
2456,7,2,0,0,F
2569,0,0,0,0,F
2660,2,2,4,2,T
2671,2,2,0,0,F
2716,6,6,2,1,T
2749,0,0,0,0,F
2845,0,0,0,0,F
2855,1,0,2,1,F
2947,23,5,0,0,T
2951,0,0,6,4,T
3039,3,0,0,0,F
3052,2,0,0,0,F
3111,14,4,2,1,T
3155,0,0,2,1,F
3163,0,0,2,1,F
3166,2,2,0,0,F
3198,0,0,2,1,F
3218,0,0,2,1,F
3236,1,0,2,1,F
3276,16,5,0,0,T
3308,2,2,2,1,F
3325,0,0,2,1,F
3364,1,1,2,1,F
3436,38,6,0,0,T
3452,2,2,3,2,T
3788,0,0,0,0,F
3809,0,0,2,1,F
3850,3,0,3,2,T
3884,15,4,2,1,T
3915,0,0,0,0,F
3952,1,1,0,0,F
4000,0,0,2,1,F
4004,23,8,0,0,T
4119,0,0,2,1,F
4127,2,2,2,1,F
4169,0,0,2,1,F
4172,0,0,0,0,F
4218,5,5,0,0,F
4242,11,2,2,1,T
4293,21,4,0,0,T
4335,4,4,0,0,F
4396,0,0,0,0,F
4475,4,0,2,1,F
4553,0,0,0,0,F
4559,0,0,2,1,F
4567,32,4,3,2,T
4613,2,2,2,0,F
4649,0,0,7,4,T
4657,0,0,2,1,T
4669,1,0,0,0,F
4711,0,0,2,1,F
4718,0,0,0,0,F
4723,0,0,2,1,F
4728,2,2,6,3,F
4786,6,1,2,1,F
4835,2,0,2,1,F
4851,9,1,2,0,T
4870,35,5,4,2,T
4880,0,0,4,2,T
4932,10,4,0,0,F
5036,20,5,6,4,T
5049,0,0,2,0,F
5059,4,0,0,0,T
5064,0,0,0,0,F
5198,4,1,4,2,T
5221,0,0,0,0,F
5238,4,0,2,1,F
5300,8,3,2,1,F
5311,0,0,0,0,F
5334,0,0,0,0,F
5345,24,7,0,0,T
5361,3,3,0,0,F
5397,3,3,4,2,T
5399,2,0,2,1,F
5448,8,2,2,1,F
5457,0,0,0,0,F
5500,14,4,4,3,T
5501,24,6,2,1,T
5524,0,0,0,0,F
5539,0,0,1,0,F
5590,0,0,0,0,F
5598,11,2,0,0,T
5668,9,4,3,2,F
5692,8,1,0,0,F
5696,4,4,0,0,F
5706,25,8,2,1,T
5780,4,4,0,0,F
5791,0,0,0,0,F
5806,8,1,2,1,F
5821,4,0,0,0,F
5907,0,0,3,2,F
5910,3,0,0,0,F
5930,0,0,0,0,F
5945,27,6,0,0,T
6093,0,0,0,0,F
6095,3,3,0,0,F
6097,0,0,2,1,F
6104,0,0,0,0,F
6112,2,2,0,0,F
6171,5,5,1,0,F
6213,9,4,4,2,T
6239,0,0,0,0,F
6245,3,3,2,1,F
6253,1,1,0,0,F
6284,3,0,0,0,F
6368,1,0,1,0,F
6416,0,0,2,1,F
6424,2,2,0,0,F
6479,0,0,8,5,T
6556,12,5,0,0,T
6617,10,1,3,2,T
6626,3,0,0,0,F
6685,8,3,0,0,F
6699,10,2,0,0,F
6739,0,0,2,1,F
6756,0,0,3,2,T
6792,16,2,0,0,T
6813,7,2,2,1,T
6814,2,0,2,0,F
6828,22,3,2,1,T
6840,2,0,2,1,F
6844,22,4,0,0,T
6848,0,0,2,1,T
6899,9,3,2,1,T
6900,2,2,2,1,F
6925,6,6,0,0,F
6930,80,8,4,2,T
6944,0,0,0,0,F
6946,0,0,0,0,F
6955,2,2,2,1,F
6966,35,4,0,0,T
7020,14,3,3,2,T
7058,1,1,0,0,F
7092,1,1,2,1,F
7183,4,0,0,0,F
7230,0,0,0,0,F
7287,0,0,0,0,F
7303,4,0,0,0,F
7361,0,0,0,0,F
7400,1,1,0,0,F
7418,1,0,0,0,F
7443,4,0,2,1,F
7454,0,0,2,1,F
7468,3,0,0,0,F
7487,51,6,2,1,T
7509,95,8,2,1,T
7513,2,2,0,0,F
7572,1,0,0,0,F
7596,14,4,4,2,T
7601,1,1,3,2,T
7603,7,2,4,2,T
7637,11,1,5,4,T
7681,0,0,4,2,T
7745,0,0,2,1,F
7779,0,0,2,1,T
7785,0,0,2,1,F
7821,18,3,2,1,T
7843,0,0,0,0,F
7850,0,0,3,2,T
7854,0,0,0,0,F
7907,15,4,2,1,T
7934,11,3,0,0,T
7936,1,0,0,0,F
7948,3,0,0,0,F
8015,2,2,0,0,T
8028,3,3,0,0,F
8036,14,6,0,0,T
8068,4,4,0,0,F
8105,0,0,0,0,F
8151,0,0,0,0,F
8159,4,0,0,0,F
8186,1,1,0,0,F
8221,1,1,2,1,T
8232,0,0,0,0,F
8270,0,0,2,1,F
8390,24,4,4,3,F
8439,0,0,2,1,T
8485,1,0,2,1,F
8497,1,0,0,0,F
8518,2,0,2,1,F
8549,2,2,3,2,T
8592,1,1,2,1,T
8596,46,8,2,1,T
8610,18,4,0,0,T
8647,4,0,0,0,F
8666,2,2,2,1,T
8733,4,4,0,0,F
8746,1,1,2,1,F
8763,1,1,10,5,T
8774,4,0,0,0,F
8775,15,5,2,1,T
8791,8,8,2,1,F
8825,35,6,3,2,T
8857,0,0,2,0,F
8876,0,0,0,0,F
8886,3,0,0,0,F
8892,1,1,0,0,F
8925,9,5,2,0,F
8933,0,0,2,1,T
8983,4,0,0,0,F
9035,1,1,2,1,F
9044,3,3,6,3,T
9051,4,0,2,1,F
9065,2,0,0,0,F
9093,18,7,0,0,T
9107,44,6,2,0,T
9108,4,4,6,4,T
9139,3,3,3,2,T
9143,4,0,0,0,F
9268,0,0,2,1,F
9278,0,0,2,1,T
9309,8,1,2,1,F
9429,0,0,0,0,F
9510,0,0,0,0,F
9533,0,0,4,2,T
9577,0,0,2,1,F
9680,0,0,3,2,T
9730,19,3,5,4,T
9767,1,1,2,1,F
9796,0,0,0,0,F
9838,4,4,1,0,F
9874,0,0,2,1,T
9989,3,0,0,0,F
9996,2,0,0,0,F
10000,25,3,0,0,T
10076,11,2,0,0,T
10105,1,1,4,2,T
10110,4,0,3,2,T
10120,0,0,0,0,F
10139,0,0,2,1,F
1014,3,3,2,1,F
10143,0,0,0,0,F
10176,0,0,2,1,T
10296,0,0,2,1,F
10344,0,0,2,1,T
10363,18,3,2,1,T
1041,3,3,2,1,F
10421,8,8,0,0,F
10428,0,0,2,1,F
10435,0,0,2,1,F
1044,1,0,2,1,F
10449,0,0,2,1,F
10464,0,0,2,1,F
10497,0,0,2,1,F
10529,35,6,2,1,T
10583,0,0,0,0,F
10584,24,4,4,2,T
10706,12,4,0,0,T
10722,2,2,2,1,F
1077,2,2,2,1,F
10843,1,0,3,2,T
10886,0,0,0,0,F
10941,0,0,1,0,F
10947,0,0,2,1,F
10962,2,2,0,0,F
11012,2,2,0,0,F
11114,13,3,2,1,T
11138,12,5,2,1,T
11152,7,2,0,0,F
11177,2,2,10,5,T
11244,2,0,2,1,F
11248,2,0,2,1,F
11260,0,0,0,0,F
11269,0,0,2,1,F
11306,1,0,2,1,T
11432,0,0,2,1,F
11448,0,0,2,1,T
11449,0,0,0,0,F
11486,0,0,4,3,T
11508,66,6,2,1,T
11565,3,3,2,1,F
11582,0,0,2,1,F
1171,2,2,0,0,F
11738,0,0,0,0,T
11769,2,0,2,1,F
11777,0,0,2,1,F
11798,0,0,0,0,F
11813,0,0,0,0,F
11824,1,1,0,0,F
11915,3,3,2,1,F
1192,0,0,0,0,F
11936,11,2,3,2,T
11984,0,0,7,5,F
11998,0,0,4,3,T
1222,4,4,2,1,T
1227,0,0,1,0,F
1228,33,5,0,0,T
1245,3,3,0,0,F
1263,11,3,2,1,T
1342,27,7,0,0,T
1364,0,0,6,5,T
1365,0,0,2,1,F
1366,0,0,0,0,F
1399,4,4,0,0,F
1407,16,3,4,2,T
1413,7,1,0,0,F
1421,23,3,3,2,T
1502,9,2,0,0,F
1546,0,0,0,0,F
1556,26,5,0,0,T
1582,0,0,0,0,F
1637,0,0,0,0,F
1737,1,1,0,0,F
1741,14,2,2,1,T
1764,1,1,2,1,T
1793,0,0,0,0,F
1821,2,2,2,0,F
1895,8,1,5,3,F
1953,0,0,6,3,T
1958,25,4,2,1,T
1977,27,4,0,0,T
2000,9,1,0,0,F
2026,2,2,3,2,T
2141,3,0,3,2,T
2169,23,3,2,1,T
2195,23,2,2,1,T
2205,4,4,2,1,F
2207,7,7,0,0,F
2211,0,0,6,3,T
2237,0,0,3,2,T
2361,16,3,3,2,T
2376,0,0,0,0,F
2397,0,0,6,3,F
2424,0,0,1,0,F
2430,0,0,2,1,F
2435,43,8,0,0,T
2447,1,1,2,1,F
2454,8,4,0,0,F
2476,1,0,2,1,T
2513,25,4,2,1,T
2550,16,2,2,1,T
2556,3,3,2,1,F
2563,4,4,0,0,F
2592,0,0,2,1,F
2629,13,2,0,0,T
2646,0,0,2,1,F
2656,4,0,0,0,F
2682,1,1,2,1,F
2683,11,1,0,0,F
2693,3,3,2,1,T
2705,4,4,0,0,F
2765,0,0,2,1,F
2827,4,0,3,2,T
2841,0,0,0,0,F
2882,11,1,2,1,F
2888,22,3,2,1,T
2934,15,3,0,0,T
2943,0,0,0,0,F
2966,0,0,2,1,F
2969,8,8,3,2,F
2986,7,1,1,0,F
3013,20,7,0,0,T
3031,1,1,0,0,F
3037,0,0,8,4,T
3049,0,0,0,0,F
3076,0,0,0,0,F
3079,3,0,0,0,F
3139,0,0,0,0,F
3156,0,0,2,1,T
3197,0,0,0,0,F
3257,13,6,2,1,T
3288,0,0,0,0,F
3312,0,0,0,0,F
3330,1,1,2,1,T
3346,0,0,0,0,F
3376,10,1,0,0,F
3416,3,0,0,0,F
3486,16,5,4,2,T
3495,0,0,0,0,F
3521,0,0,0,0,F
3540,0,0,0,0,F
3577,4,0,0,0,F
3578,1,1,4,2,T
3590,25,3,4,2,T
3603,0,0,0,0,T
3610,2,2,3,2,T
3617,2,2,0,0,F
3652,12,2,0,0,T
3676,0,0,0,0,F
3703,8,8,0,0,F
3704,24,3,3,2,T
3713,2,0,2,1,F
3737,0,0,0,0,F
3742,4,0,0,0,F
3746,2,2,0,0,F
3766,3,3,2,1,F
3776,27,4,2,1,T
3845,0,0,2,1,T
3890,1,1,0,0,F
3919,18,3,0,0,T
3957,0,0,2,1,F
3988,4,4,0,0,F
4008,3,0,2,0,F
4024,2,2,2,1,F
4030,13,3,0,0,T
4083,2,2,0,0,F
4092,22,5,2,1,T
4130,6,6,1,0,F
4167,0,0,2,1,F
4206,4,4,4,2,T
4216,4,0,0,0,F
4226,0,0,0,0,F
4227,57,8,2,1,T
4276,7,2,2,0,F
4390,4,0,0,0,F
4393,0,0,0,0,F
4427,1,0,0,0,F
4452,0,0,3,2,T
4478,2,2,0,0,F
4483,0,0,0,0,F
4499,0,0,2,1,F
4511,0,0,0,0,T
4548,0,0,0,0,F
4623,21,2,2,1,T
4651,0,0,1,0,F
4658,4,4,2,1,F
4681,2,2,5,3,T
4739,3,3,0,0,F
4785,0,0,0,0,F
4813,22,4,0,0,T
4819,4,4,3,2,T
4830,0,0,0,0,F
4852,3,0,2,1,T
4896,0,0,0,0,F
4909,11,1,3,2,T
4941,0,0,5,3,F
4988,0,0,2,1,F
5008,6,6,4,2,T
5037,1,1,2,1,F
5073,21,2,2,1,T
5130,5,5,1,0,F
5200,0,0,2,1,F
5246,2,0,10,5,F
5249,0,0,0,0,F
5297,6,6,2,1,F
5445,1,1,2,1,F
5475,1,1,0,0,F
5528,0,0,2,1,F
5556,0,0,2,1,F
5575,8,8,0,0,F
5611,1,1,0,0,F
5650,1,0,2,1,F
5651,0,0,0,0,F
5684,3,3,1,0,F
5687,0,0,2,1,F
5709,4,4,2,1,F
5768,1,1,0,0,F
5839,1,1,2,1,F
5938,5,5,3,2,T
5939,4,4,4,2,T
5947,0,0,5,4,T
5983,0,0,2,1,F
6000,31,4,0,0,T
6012,4,1,0,0,F
6023,8,3,0,0,F
6106,8,4,0,0,F
6130,0,0,2,1,F
6142,0,0,2,1,F
6143,0,0,2,1,F
6181,3,0,0,0,F
6183,0,0,0,0,F
6208,0,0,0,0,F
6257,0,0,0,0,F
6276,3,3,2,1,F
6282,0,0,2,1,F
6290,1,0,2,1,F
6337,11,3,0,0,T
6342,1,1,2,1,T
6371,4,0,2,1,F
6492,4,0,2,1,F
6494,1,0,0,0,F
6608,0,0,2,1,F
6618,0,0,0,0,F
6631,0,0,4,2,T
6680,0,0,2,1,F
6703,2,2,0,0,F
6732,0,0,0,0,F
6754,0,0,2,1,F
6784,13,3,2,1,T
6829,21,5,0,0,T
6910,1,1,2,1,F
6920,0,0,5,3,T
6927,36,4,0,0,T
6945,3,3,0,0,F
6994,21,5,6,3,T
7090,18,4,5,3,T
7100,0,0,8,5,T
7120,0,0,0,0,F
7124,0,0,0,0,F
7154,0,0,2,1,F
7239,4,4,0,0,F
7240,5,5,0,0,F
7242,4,4,0,0,F
7266,26,3,2,1,T
7363,22,3,2,1,T
7427,0,0,2,1,F
7440,4,4,0,0,F
7471,2,2,0,0,F
7478,17,4,0,0,T
7514,0,0,0,0,F
7562,2,2,2,1,F
7585,3,3,2,1,F
7652,10,2,3,2,T
7669,21,3,3,2,F
7680,1,0,0,0,F
7754,20,3,2,1,T
7769,4,0,0,0,F
7772,0,0,4,2,F
7806,2,2,0,0,F
7820,0,0,7,4,T
7896,3,3,0,0,F
7942,0,0,2,1,T
7979,28,5,2,1,T
8037,0,0,0,0,F
8055,0,0,0,0,F
8057,9,2,4,2,F
8114,22,6,0,0,T
8139,4,0,0,0,F
8161,2,2,0,0,F
8236,6,6,2,1,F
8257,0,0,0,0,F
8263,29,5,0,0,T
8291,8,2,4,2,T
8297,8,3,2,1,F
8366,4,0,2,1,F
8409,0,0,2,0,F
8469,5,5,0,0,F
8470,0,0,7,4,T
8475,0,0,2,0,F
8501,2,0,3,2,T
8522,0,0,8,4,T
8529,0,0,3,2,T
8555,0,0,2,1,T
8583,2,0,1,0,F
8598,0,0,3,2,T
8623,23,4,2,1,T
8667,1,1,2,1,F
8677,1,1,2,1,F
8720,1,0,3,2,T
8731,0,0,5,3,T
8776,1,1,0,0,F
8780,0,0,4,2,T
8792,12,2,0,0,T
8835,6,1,3,2,T
8838,2,2,0,0,F
8881,7,2,0,0,F
8926,0,0,0,0,F
8928,2,2,0,0,F
8934,1,1,3,2,T
8948,11,2,0,0,T
9012,1,1,0,0,F
9018,9,1,0,0,F
9037,17,3,2,1,T
9049,0,0,2,1,F
9089,4,4,0,0,F
9116,15,2,4,2,T
9124,1,0,2,1,F
9173,1,1,6,4,T
9256,0,0,1,0,F
9283,10,4,0,0,F
9333,3,0,0,0,F
9432,0,0,3,2,T
9482,3,3,1,0,F
9494,2,2,3,2,T
9497,0,0,2,1,F
9505,0,0,0,0,F
9512,0,0,2,1,F
9518,33,3,0,0,T
9527,1,1,2,1,F
9555,2,2,0,0,F
9582,2,2,2,1,F
9690,9,1,6,3,T
9769,1,1,2,1,F
9818,2,2,2,0,F
9912,4,4,0,0,F
9939,23,5,0,0,T
9947,0,0,0,0,F
9982,0,0,2,1,F
9988,0,0,0,0,F
10050,10,2,2,0,F
10053,14,2,2,1,T
10068,2,2,0,0,F
10079,4,4,0,0,F
10151,3,0,2,1,F
10259,2,0,8,4,F
10271,0,0,0,0,F
10282,3,0,0,0,F
1033,0,0,3,2,T
10380,11,2,0,0,T
10382,0,0,2,1,T
10440,2,2,0,0,F
10450,3,0,4,2,T
10465,5,5,0,0,F
10467,6,2,5,3,T
10530,0,0,1,0,F
10539,0,0,2,1,F
10550,0,0,3,2,T
10577,1,0,2,1,F
10611,0,0,0,0,F
10639,3,3,0,0,F
10661,4,4,2,1,F
10668,9,4,0,0,F
10684,3,3,2,1,F
10702,1,0,6,3,T
1072,1,1,0,0,F
10765,2,2,2,1,F
10783,5,5,2,1,F
10874,12,4,0,0,T
10884,25,4,0,0,T
10942,0,0,3,2,F
10970,3,3,0,0,F
10971,11,2,2,1,T
10990,0,0,3,2,T
11002,4,4,0,0,F
11129,1,0,0,0,F
11139,9,2,5,3,T
11180,0,0,0,0,F
11184,1,1,0,0,F
1119,1,1,0,0,F
11191,0,0,0,0,F
11201,30,4,0,0,T
11211,19,2,2,1,T
11272,1,0,0,0,F
1130,2,2,0,0,F
11305,0,0,0,0,T
11349,3,3,0,0,F
11371,3,3,0,0,F
11400,1,1,2,1,F
11416,0,0,0,0,F
11539,4,0,0,0,F
11587,12,2,2,1,T
11611,1,0,2,1,F
11634,13,4,0,0,T
11698,15,7,0,0,T
11759,4,0,0,0,F
11781,0,0,2,1,F
11791,0,0,2,1,F
11820,1,0,1,0,F
11841,1,1,2,1,F
11847,2,2,2,1,F
11862,3,3,2,1,F
11974,3,3,4,2,T
1204,19,3,4,2,T
1240,0,0,2,1,F
1277,4,4,2,0,F
1279,20,4,2,1,T
1297,5,5,4,2,T
1356,0,0,2,1,F
1383,0,0,5,4,T
1439,3,3,2,1,T
1468,18,3,0,0,T
1495,10,2,2,1,T
1500,17,2,0,0,T
1511,1,1,2,1,F
1523,0,0,0,0,F
1531,4,4,2,1,T
1533,2,2,0,0,F
1540,1,0,3,2,T
1554,0,0,0,0,F
1563,0,0,3,2,T
1616,0,0,0,0,F
1643,0,0,0,0,F
1663,12,2,1,0,T
1682,59,5,2,1,T
1760,3,0,2,1,F
1786,25,3,2,1,T
1790,1,1,2,0,F
1814,26,3,3,2,T
1844,4,0,2,1,F
1892,42,4,2,1,T
1957,4,0,2,1,F
2029,3,3,4,2,T
2040,2,2,0,0,F
2056,0,0,0,0,F
2063,3,0,3,2,T
2070,0,0,2,1,T
2101,0,0,0,0,F
2125,2,2,4,2,T
2130,41,6,2,0,T
2150,11,4,0,0,T
2161,0,0,2,1,F
2266,8,1,0,0,F
2305,0,0,0,0,F
2309,0,0,2,0,F
2323,0,0,0,0,F
2350,0,0,5,4,T
2383,0,0,0,0,F
2426,0,0,0,0,F
2473,2,0,3,2,T
2514,1,1,0,0,F
2521,1,1,0,0,F
2524,1,1,0,0,F
2560,1,0,7,4,T
2584,4,0,0,0,F
2586,0,0,2,1,F
2588,4,0,2,1,F
2615,0,0,0,0,F
2619,0,0,3,2,T
2634,4,0,0,0,F
2658,0,0,2,1,F
2666,0,0,0,0,F
2667,0,0,3,2,T
2698,4,4,0,0,F
2738,0,0,2,1,F
2778,6,6,2,1,F
2824,13,4,0,0,T
2831,5,5,0,0,T
2872,0,0,1,0,F
2873,0,0,2,1,F
2914,1,0,2,1,F
2999,2,2,0,0,F
3057,2,2,2,1,F
3072,2,0,0,0,F
3115,2,0,0,0,F
3118,1,0,0,0,F
3136,0,0,2,0,T
3147,0,0,0,0,F
3203,0,0,2,1,F
3238,0,0,0,0,F
3239,9,3,0,0,F
3242,11,4,3,2,T
3265,9,1,3,2,T
3326,6,6,2,1,F
3370,7,1,0,0,F
3449,4,4,2,1,T
3453,3,0,2,1,F
3510,2,2,0,0,F
3529,0,0,5,4,T
3647,8,2,2,1,F
3772,2,2,2,0,F
3795,23,5,0,0,T
3814,0,0,0,0,F
3827,1,1,0,0,F
3829,4,1,4,2,T
3872,0,0,0,0,F
3892,25,4,0,0,T
3893,15,3,0,0,T
3904,0,0,0,0,F
3909,3,3,6,3,F
3926,0,0,3,2,F
3938,0,0,2,1,F
3993,32,4,0,0,T
4026,0,0,10,5,T
4043,0,0,7,5,T
4054,0,0,7,4,T
4056,0,0,6,4,T
4069,4,4,0,0,F
4091,5,5,0,0,F
4115,12,4,2,1,T
4146,4,0,0,0,F
4233,16,4,0,0,T
4250,17,7,0,0,T
4280,0,0,6,4,T
4317,12,4,0,0,T
4334,0,0,2,1,F
4337,1,1,0,0,F
4382,4,0,0,0,F
4482,1,1,0,0,F
4550,3,3,2,1,F
4556,25,4,2,1,T
4606,0,0,2,1,T
4752,0,0,0,0,F
4755,0,0,7,4,T
4756,35,3,0,0,T
4777,2,2,0,0,F
4855,2,0,2,1,T
4875,2,2,2,1,F
4923,1,0,3,2,T
4945,1,0,4,3,T
4978,36,4,0,0,T
5005,0,0,2,1,F
5111,0,0,0,0,F
5124,0,0,0,0,F
5126,1,0,0,0,F
5134,0,0,6,4,T
5156,0,0,2,1,T
5259,0,0,1,0,F
5270,3,3,2,1,F
5298,10,1,0,0,F
5319,2,2,0,0,F
5356,3,3,3,2,F
5374,29,3,2,1,T
5386,18,2,0,0,T
5420,10,2,0,0,F
5421,0,0,0,0,F
5450,0,0,0,0,F
5454,0,0,0,0,F
5530,1,1,0,0,F
5552,0,0,2,1,F
5582,0,0,2,1,F
5592,10,2,0,0,F
5673,11,1,2,1,F
5690,1,0,2,1,T
5742,29,3,0,0,T
5760,0,0,2,1,F
5781,8,3,2,1,F
5900,4,4,2,1,F
5933,4,4,8,4,T
5948,1,0,2,1,F
5994,4,4,0,0,F
6015,0,0,0,0,F
6036,3,0,0,0,F
6049,2,2,0,0,F
6053,9,4,0,0,F
6128,6,6,0,0,F
6133,0,0,2,1,F
6196,3,3,2,1,F
6199,1,0,5,4,T
6306,5,5,0,0,F
6309,5,5,0,0,F
6330,0,0,3,2,T
6348,3,3,3,2,T
6417,13,2,0,0,T
6450,5,5,2,1,F
6478,12,3,6,5,T
6548,0,0,4,2,T
6577,0,0,2,1,T
6603,0,0,0,0,F
6645,0,0,5,3,T
6710,11,6,2,1,T
6711,24,4,1,0,T
6805,3,0,1,0,F
6888,22,2,4,2,T
6891,18,4,0,0,T
6935,4,0,2,1,F
7117,0,0,6,4,T
7159,8,8,2,0,F
7209,0,0,0,0,T
7279,2,0,5,4,T
7346,0,0,1,0,F
7348,11,2,0,0,T
7415,10,1,2,1,F
7445,3,0,0,0,F
7472,12,2,4,2,T
7491,23,5,2,1,T
7492,4,4,0,0,F
7532,3,3,0,0,F
7622,1,1,0,0,F
7666,3,0,0,0,F
7674,0,0,2,1,F
7677,3,0,4,2,F
7682,2,2,2,1,F
7722,1,0,0,0,F
7736,0,0,2,0,F
7771,2,2,5,4,T
7783,0,0,3,2,T
7847,0,0,0,0,F
7849,2,2,0,0,F
7851,0,0,2,1,T
7925,2,2,2,1,F
7937,0,0,2,1,F
7951,35,4,0,0,T
7952,3,0,2,1,T
7967,6,6,2,1,F
7983,6,6,2,1,T
8000,9,2,0,0,T
8031,0,0,2,1,F
8062,7,7,0,0,F
8082,0,0,0,0,F
8123,9,1,5,4,T
8197,0,0,0,0,F
8230,22,3,0,0,T
8253,10,1,2,1,F
8401,4,0,4,3,T
8427,1,1,2,1,F
8435,7,7,2,1,F
8441,4,4,0,0,F
8520,4,0,0,0,F
8535,0,0,0,0,F
8552,6,6,0,0,F
8576,0,0,0,0,F
8584,3,0,0,0,F
8585,5,5,4,2,T
8609,2,2,0,0,F
8664,0,0,0,0,F
8675,3,0,2,1,F
8703,3,3,2,1,F
8744,0,0,2,1,F
8793,0,0,2,1,F
8815,27,3,0,0,T
8839,15,2,8,5,T
8855,1,0,3,2,T
8862,4,0,2,1,F
8894,0,0,5,3,T
8990,3,0,0,0,F
9043,0,0,3,2,T
9105,0,0,0,0,F
9153,0,0,0,0,F
9156,0,0,2,1,T
9157,21,3,2,1,T
9212,24,3,0,0,T
9246,3,3,3,2,T
9288,7,2,2,1,F
9326,0,0,0,0,F
9371,25,4,0,0,T
9379,3,3,0,0,F
9394,0,0,4,2,T
9395,0,0,2,1,T
9422,0,0,2,1,F
9434,0,0,2,1,F
9548,4,4,0,0,F
9590,4,0,0,0,F
9604,21,4,2,1,T
9684,2,2,0,0,T
9749,1,1,0,0,F
9889,0,0,0,0,F
9903,0,0,0,0,F
9919,2,0,0,0,F
9921,0,0,0,0,F
9934,3,0,1,0,F
9935,0,0,0,0,F
9956,20,2,2,1,T
10013,53,6,0,0,T
1007,0,0,2,1,F
10102,0,0,0,0,F
10138,67,7,3,2,T
10188,0,0,9,5,T
10225,0,0,2,1,T
10245,1,1,0,0,F
10257,0,0,0,0,F
10283,0,0,0,0,F
10295,4,0,2,1,F
10298,4,4,3,2,T
10313,10,3,0,0,F
1036,2,2,0,0,F
10426,0,0,2,0,F
1043,0,0,0,0,F
10452,2,2,0,0,F
10463,4,0,8,4,T
10485,0,0,2,1,F
10499,0,0,2,1,F
10503,0,0,0,0,F
10587,0,0,6,3,F
10621,4,0,2,1,T
10637,5,5,2,1,F
10642,0,0,0,0,F
10677,7,3,8,4,T
10704,3,0,2,1,F
10830,0,0,0,0,T
10869,2,2,0,0,F
10909,3,0,10,5,T
10994,1,1,2,1,F
11000,0,0,2,1,T
1103,2,2,0,0,F
11111,1,0,0,0,F
11224,0,0,2,0,F
11261,1,1,5,3,F
11270,0,0,5,3,T
1128,2,0,4,2,T
11287,0,0,0,0,F
11292,0,0,0,0,F
11326,3,0,0,0,F
11344,2,2,3,2,T
11383,1,0,2,1,F
11419,0,0,0,0,F
11463,0,0,4,2,T
11506,1,0,2,1,T
11516,0,0,0,0,F
11543,23,5,9,5,T
11589,3,3,3,2,T
11607,4,4,0,0,F
11618,0,0,2,1,F
11663,0,0,2,1,T
11720,3,3,4,2,T
11746,0,0,0,0,F
11772,0,0,5,3,T
11825,5,5,0,0,F
1183,1,1,0,0,T
11851,0,0,5,3,T
11860,10,2,2,1,F
11867,0,0,0,0,F
11869,2,0,8,4,T
11928,0,0,2,1,F
1193,0,0,0,0,F
11947,0,0,0,0,F
11963,3,0,0,0,F
1221,9,2,2,1,F
1226,0,0,3,2,F
1299,2,0,1,0,F
1301,17,2,0,0,T
1336,0,0,1,0,F
1338,16,5,2,0,T
1353,3,0,2,1,F
1385,0,0,2,1,F
1425,0,0,7,4,T
1434,8,1,2,1,T
1443,1,0,2,1,F
1448,10,1,2,1,F
1464,1,0,0,0,F
1472,0,0,0,0,F
1497,11,4,8,4,T
1522,0,0,0,0,F
1547,11,1,4,2,T
1568,0,0,2,1,F
1570,0,0,2,1,T
1579,4,0,0,0,F
1620,0,0,2,1,T
1639,0,0,0,0,F
1651,0,0,2,1,T
1653,0,0,2,1,F
1698,0,0,7,5,T
1745,60,7,2,1,T
1756,2,2,4,2,F
1777,4,0,2,0,F
1783,0,0,2,1,F
1792,0,0,0,0,F
1833,0,0,2,1,F
1867,4,0,0,0,F
1885,0,0,0,0,F
1968,0,0,2,1,F
1984,11,2,3,2,T
2052,1,0,2,1,F
2059,0,0,2,1,F
2067,23,2,0,0,T
2107,5,5,0,0,F
2182,0,0,5,3,F
2194,0,0,0,0,F
2233,2,2,0,0,F
2234,0,0,0,0,F
2235,1,1,0,0,F
2252,15,3,0,0,T
2256,3,0,0,0,F
2258,8,8,3,2,T
2292,1,0,2,1,F
2346,5,5,0,0,F
2355,4,4,6,3,T
2434,0,0,3,2,T
2453,0,0,0,0,F
2475,1,1,6,4,T
2477,4,4,2,1,T
2493,1,1,2,1,F
2495,2,2,1,0,F
2496,2,2,3,2,T
2503,2,2,2,1,F
2526,0,0,2,0,F
2562,21,7,0,0,T
2573,0,0,2,1,F
2604,2,2,2,1,F
2627,8,8,2,1,F
2655,12,2,0,0,T
2661,17,3,0,0,T
2670,18,2,0,0,T
2680,23,2,4,2,T
2691,3,0,0,0,F
2739,0,0,1,0,F
2791,0,0,0,0,F
2808,4,0,2,1,F
2858,0,0,2,1,F
2867,1,1,0,0,F
2958,3,0,0,0,F
2993,8,1,3,2,T
3000,0,0,0,0,F
3006,9,1,2,1,F
3007,2,2,0,0,F
3086,0,0,3,2,F
3101,46,8,0,0,T
3125,2,2,2,1,F
3135,3,0,2,1,F
3174,3,3,4,2,T
3178,0,0,2,1,F
3179,1,0,2,1,F
3195,0,0,2,1,F
3234,45,4,0,0,T
3267,2,2,2,1,F
3301,14,4,3,2,T
3309,12,4,2,1,T
3311,1,1,4,2,T
3327,0,0,0,0,F
3440,20,4,0,0,T
3459,0,0,2,1,F
3464,0,0,0,0,F
3513,2,2,2,1,F
3537,8,1,2,1,F
3541,1,1,2,1,F
3566,1,0,2,1,F
3568,4,4,0,0,F
3673,4,0,4,2,T
3678,0,0,2,1,F
3679,3,0,2,1,F
3728,4,0,6,5,T
3786,4,4,0,0,F
3794,8,2,4,2,T
3805,0,0,0,0,F
3822,1,1,2,1,T
3848,3,3,7,4,F
3865,0,0,2,1,F
3875,2,2,2,1,F
3940,0,0,2,1,F
3960,3,3,2,1,F
3961,0,0,0,0,F
3989,19,2,5,4,T
4002,2,0,2,1,F
4017,10,2,0,0,F
4057,0,0,0,0,F
4073,1,1,2,1,F
4080,28,7,0,0,T
4104,7,3,2,1,F
4137,2,0,2,1,F
4142,0,0,0,0,F
4164,2,2,2,1,F
4192,8,8,0,0,F
4266,2,0,0,0,F
4351,4,4,0,0,F
4352,2,0,0,0,F
4356,2,2,3,2,T
4372,0,0,0,0,F
4380,2,2,0,0,T
4397,2,2,2,1,F
4411,0,0,0,0,F
4416,2,2,0,0,F
4451,6,6,2,1,F
4461,32,4,0,0,T
4521,0,0,2,1,T
4569,34,6,3,2,T
4638,1,1,2,1,F
4644,3,0,5,4,T
4645,0,0,4,3,T
4672,29,5,2,0,T
4727,2,0,2,1,F
4738,3,3,0,0,F
4759,0,0,0,0,F
4761,20,6,0,0,T
4768,2,0,0,0,F
4771,0,0,0,0,F
4776,0,0,2,1,F
4793,22,4,0,0,T
4841,2,2,1,0,F
4926,23,4,2,1,T
4946,5,5,0,0,F
4947,4,4,2,1,F
5017,11,4,2,1,T
5081,0,0,0,0,F
5138,4,0,0,0,F
5196,2,2,0,0,F
5216,22,2,2,1,T
5224,3,3,10,5,T
5252,0,0,0,0,F
5267,1,1,0,0,F
5307,0,0,2,0,F
5351,0,0,2,1,F
5441,15,3,0,0,T
5510,0,0,10,5,T
5543,0,0,4,2,T
5557,5,5,2,1,F
5559,1,0,2,1,T
5562,21,2,0,0,T
5563,0,0,0,0,F
5608,2,2,5,3,T
5625,0,0,0,0,F
5728,0,0,0,0,T
5778,0,0,0,0,F
5779,0,0,0,0,F
5843,0,0,0,0,F
5869,0,0,2,1,F
5874,18,2,0,0,T
5882,33,3,4,2,T
5883,86,8,2,1,T
5923,3,0,0,0,F
5970,7,1,2,1,F
5987,12,6,2,1,T
6011,0,0,2,1,F
6016,4,0,0,0,F
6060,8,1,2,1,T
6114,4,0,2,1,F
6146,24,3,2,1,T
6156,2,2,3,2,T
6217,4,4,0,0,T
6223,16,4,0,0,T
6226,3,0,5,3,T
6264,1,1,2,1,T
6278,0,0,0,0,F
6280,2,0,0,0,F
6334,49,6,2,1,T
6394,2,2,0,0,F
6469,40,5,4,2,F
6493,0,0,0,0,F
6501,6,1,1,0,F
6622,13,4,2,1,T
6650,9,2,2,1,F
6667,3,0,2,1,F
6687,3,0,0,0,F
6697,0,0,2,1,F
6751,0,0,2,1,F
6757,21,2,2,1,T
6789,3,3,2,1,T
6790,0,0,0,0,F
6824,10,2,2,1,F
6835,39,6,2,1,T
6836,0,0,0,0,F
6846,0,0,2,1,F
6864,3,0,0,0,F
6933,4,4,3,2,T
6943,2,0,2,1,F
6962,4,4,1,0,F
6979,0,0,0,0,F
7000,0,0,2,1,T
7006,0,0,4,2,T
7037,2,0,2,1,F
7084,0,0,3,2,F
7096,1,1,4,2,T
7119,0,0,0,0,F
7153,2,2,0,0,F
7175,25,4,2,1,T
7199,0,0,6,3,T
7204,0,0,1,0,F
7211,2,0,2,1,F
7250,0,0,0,0,F
7254,0,0,0,0,F
7281,31,4,2,1,T
7302,4,4,4,2,T
7318,3,3,0,0,F
7352,3,3,0,0,F
7397,21,5,0,0,T
7458,0,0,4,3,T
7459,4,4,2,1,F
7466,3,0,2,1,F
7498,20,2,0,0,T
7545,5,5,0,0,F
7547,0,0,2,1,F
7567,1,0,2,1,F
7570,13,3,2,0,T
7582,58,6,3,2,T
7588,4,0,0,0,F
7615,0,0,2,1,F
7633,24,3,6,4,F
7675,1,1,0,0,F
7694,0,0,4,2,T
7746,6,6,0,0,F
7770,0,0,0,0,F
7834,7,1,2,1,F
7873,12,3,2,1,T
7879,7,7,3,2,T
7888,0,0,2,1,F
7932,2,2,2,1,F
7939,0,0,0,0,F
7960,0,0,0,0,T
7976,12,2,0,0,T
8041,3,3,2,1,F
8053,0,0,8,4,T
8058,6,6,2,1,F
8083,2,2,4,3,T
8108,0,0,0,0,F
8251,7,7,2,1,F
8256,4,0,0,0,F
8266,1,0,3,2,T
8274,0,0,2,1,F
8278,0,0,2,1,F
8302,2,2,4,2,T
8371,3,3,0,0,F
8391,24,4,0,0,T
8415,13,4,1,0,T
8416,41,8,0,0,T
8458,30,3,2,1,T
8494,2,0,2,1,F
8634,3,3,1,0,F
8640,0,0,0,0,F
8642,3,3,2,1,F
8705,30,4,0,0,T
8711,0,0,2,1,F
8770,12,2,0,0,T
8795,17,2,2,1,T
8843,4,0,0,0,F
8849,1,0,2,1,F
8869,21,5,0,0,T
8914,4,0,0,0,F
9047,0,0,0,0,F
9073,2,0,7,4,T
9075,2,2,0,0,F
9129,20,3,0,0,T
9134,0,0,2,1,F
9191,0,0,0,0,F
9215,1,0,2,1,F
9237,0,0,3,2,T
9247,4,4,2,1,F
9314,0,0,2,1,T
9324,8,2,0,0,F
9406,0,0,2,1,F
9417,3,3,0,0,F
9426,0,0,0,0,F
9479,1,1,0,0,F
9519,14,3,0,0,T
9524,5,5,6,3,T
9546,0,0,2,1,F
9559,2,2,0,0,F
9636,0,0,2,1,F
9648,3,3,0,0,F
9655,12,2,4,2,T
9675,0,0,0,0,F
9755,2,2,0,0,F
9787,0,0,5,3,T
9794,0,0,2,1,F
9817,0,0,2,1,F
9859,2,2,5,3,T
9864,69,8,3,2,T
9897,21,4,0,0,T
9926,18,3,2,1,T
9927,0,0,1,0,F
9957,3,0,0,0,F
9965,3,0,5,4,T
9972,0,0,4,2,T
10022,11,2,0,0,T
10170,0,0,0,0,F
10207,0,0,0,0,F
10221,20,2,0,0,T
10263,0,0,0,0,F
10289,0,0,1,0,F
10365,6,6,3,2,T
10368,0,0,0,0,F
10487,0,0,0,0,F
10498,25,4,0,0,T
10511,2,2,2,1,F
10516,0,0,0,0,F
10552,4,0,2,1,F
10617,8,8,0,0,F
10632,0,0,0,0,F
10643,3,3,0,0,F
1069,3,3,2,0,F
10708,0,0,0,0,F
10720,2,2,0,0,F
10767,1,1,0,0,F
10794,2,2,0,0,F
10819,30,5,0,0,T
10823,0,0,0,0,F
10835,9,2,2,1,F
10851,20,2,0,0,T
10856,3,0,0,0,F
10933,21,3,0,0,T
10935,10,2,2,1,F
10966,0,0,0,0,F
10983,0,0,0,0,F
1099,0,0,5,3,T
10992,20,4,0,0,T
1105,2,0,2,1,F
11064,0,0,2,0,F
11080,0,0,0,0,F
11084,0,0,0,0,F
11198,2,0,2,1,T
11222,0,0,0,0,F
11246,1,1,0,0,F
1126,7,1,2,1,F
11285,2,2,2,1,F
11288,4,4,4,2,T
11315,20,6,2,0,T
11347,0,0,0,0,F
11354,3,3,5,4,T
11523,2,0,0,0,F
11526,2,2,2,1,F
11535,33,3,0,0,T
11600,0,0,2,1,F
11602,0,0,6,3,T
11621,1,1,0,0,F
11624,0,0,6,4,F
11655,2,0,2,1,F
11665,4,0,4,2,T
11739,0,0,4,2,T
11879,0,0,2,1,T
11885,3,0,2,1,T
11890,0,0,0,0,F
11912,0,0,0,0,F
11931,2,2,0,0,F
11966,0,0,0,0,F
1197,0,0,0,0,F
1209,3,0,5,3,T
1219,4,0,2,1,F
1270,2,0,2,1,T
1308,3,3,2,1,F
1331,16,5,2,1,T
1349,10,6,2,1,F
1389,0,0,0,0,F
1450,11,3,2,1,T
1574,0,0,2,1,F
1608,2,2,0,0,F
1609,29,5,0,0,T
1623,31,6,7,4,T
1625,0,0,0,0,F
1629,0,0,0,0,F
1630,4,4,0,0,F
1634,7,7,2,0,F
1642,1,1,0,0,F
1672,2,2,7,4,T
1675,0,0,0,0,F
1735,23,3,0,0,T
1751,0,0,0,0,F
1834,8,1,4,2,T
1869,87,8,0,0,T
1872,5,2,0,0,F
1883,3,3,0,0,F
1913,4,0,2,1,T
1934,2,2,3,2,T
1956,4,4,2,1,T
1963,0,0,0,0,F
2030,1,1,2,1,T
2032,2,0,3,2,T
2036,11,1,2,1,F
2093,1,0,0,0,F
2171,0,0,2,1,T
2179,3,3,0,0,F
2190,0,0,0,0,F
2226,4,0,0,0,F
2230,4,4,0,0,F
2291,9,1,2,1,F
2335,8,8,0,0,F
2388,3,0,2,1,T
2443,4,4,4,2,T
2531,0,0,2,0,F
2532,0,0,0,0,F
2543,33,3,3,2,T
2574,0,0,0,0,F
2608,0,0,2,0,F
2618,0,0,4,2,T
2622,42,4,0,0,T
2783,0,0,0,0,F
2815,17,2,2,1,T
2846,2,2,0,0,F
2864,23,4,0,0,T
2878,36,8,0,0,T
2883,3,0,0,0,F
2978,6,6,0,0,F
2990,3,3,0,0,F
3025,1,0,2,1,F
3027,0,0,0,0,F
3099,3,0,2,1,F
3170,1,1,4,2,T
3177,0,0,5,3,T
3209,2,2,0,0,F
3225,27,4,6,3,F
3228,13,6,2,1,T
3244,28,8,0,0,T
3351,0,0,2,1,F
3399,0,0,0,0,F
3405,0,0,0,0,F
3415,31,3,1,0,T
3419,8,2,4,2,T
3423,0,0,2,1,F
3460,2,0,0,0,F
3543,0,0,2,1,F
3573,46,5,2,1,T
3587,0,0,2,1,F
3627,1,1,4,2,T
3656,2,2,0,0,F
3671,3,3,0,0,F
3689,32,6,2,1,T
3707,3,3,8,5,T
3774,2,2,2,1,T
3775,6,6,3,2,T
3831,5,1,2,1,F
3870,1,0,0,0,F
3891,0,0,0,0,F
3917,0,0,0,0,F
3939,0,0,4,2,T
4029,0,0,0,0,F
4047,2,2,0,0,F
4078,10,3,2,1,F
4113,27,6,0,0,T
4136,0,0,0,0,F
4147,0,0,0,0,F
4180,3,3,2,1,F
4208,0,0,0,0,F
4217,2,0,2,1,F
4223,29,6,1,0,T
4245,2,0,2,1,F
4273,3,0,0,0,F
4281,7,1,1,0,F
4285,0,0,2,1,F
4315,19,6,2,1,T
4321,14,6,2,1,T
4348,2,0,2,1,F
4377,2,2,0,0,F
4435,1,1,6,3,T
4495,4,0,0,0,T
4578,3,3,2,1,T
4592,0,0,0,0,F
4605,23,4,0,0,T
4620,3,3,3,2,T
4621,0,0,2,1,T
4650,2,2,6,3,T
4661,0,0,2,1,F
4749,27,3,8,4,T
4796,0,0,0,0,F
4839,2,2,2,0,F
4887,9,2,2,1,F
4889,0,0,0,0,F
4972,4,0,0,0,F
4973,0,0,0,0,F
4977,4,0,0,0,F
4996,16,4,2,1,T
4999,1,0,0,0,F
5018,8,2,0,0,F
5055,0,0,4,2,T
5087,7,7,4,2,T
5120,4,4,2,1,F
5127,6,1,2,1,F
5162,0,0,2,1,T
5247,0,0,0,0,F
5309,29,3,2,1,T
5331,1,1,0,0,F
5375,1,0,2,1,F
5378,24,6,1,0,T
5398,45,5,0,0,T
5407,18,3,0,0,T
5465,9,1,0,0,F
5470,0,0,0,0,F
5498,0,0,0,0,F
5517,0,0,3,2,F
5665,1,0,0,0,F
5681,0,0,4,2,T
5698,9,3,2,1,F
5704,4,0,2,1,F
5713,4,4,2,1,F
5726,27,3,0,0,T
5833,3,0,0,0,F
5866,0,0,0,0,F
5976,3,3,0,0,F
6032,5,5,0,0,F
6074,3,0,2,1,F
6082,2,2,0,0,F
6108,22,5,2,1,T
6144,0,0,0,0,F
6149,0,0,4,3,T
6153,0,0,0,0,F
6169,9,4,0,0,F
6172,2,2,0,0,F
6205,3,3,2,0,F
6218,0,0,0,0,F
6255,5,5,2,1,T
6270,0,0,4,2,T
6346,5,1,8,5,T
6353,3,3,0,0,F
6440,0,0,0,0,F
6452,2,0,4,3,T
6489,0,0,0,0,F
6510,0,0,3,2,F
6538,48,7,2,1,T
6542,4,4,0,0,F
6606,3,0,0,0,F
6653,0,0,0,0,F
6678,0,0,2,1,T
6700,2,0,0,0,F
6876,4,0,4,3,F
6909,1,1,2,1,F
6913,3,0,2,1,F
6934,0,0,2,1,F
6985,13,4,4,2,T
7110,26,3,0,0,T
7123,36,5,2,1,T
7284,34,4,0,0,T
7332,9,2,3,2,T
7375,3,3,2,1,F
7384,3,3,0,0,T
7387,1,0,2,1,F
7464,2,0,2,1,F
7476,1,0,3,2,F
7569,3,0,0,0,F
7636,4,4,4,2,F
7685,0,0,2,1,F
7698,5,5,6,3,T
7714,0,0,0,0,F
7726,22,3,4,2,T
7753,0,0,0,0,F
7756,31,6,0,0,T
7763,1,0,0,0,F
7796,4,4,0,0,F
7802,0,0,2,1,T
7862,3,3,6,4,T
7949,2,2,0,0,F
8002,0,0,2,1,F
8008,0,0,3,2,F
8035,4,4,4,2,T
8054,0,0,0,0,F
8144,20,5,2,1,T
8201,19,2,4,2,T
8248,4,0,0,0,F
8273,0,0,4,2,T
8292,0,0,5,4,F
8308,2,2,2,1,T
8321,4,4,2,1,F
8370,11,2,0,0,T
8389,12,2,4,2,T
8400,36,4,3,2,T
8422,16,2,0,0,T
8430,1,1,0,0,F
8492,0,0,2,1,T
8498,0,0,4,2,F
8504,0,0,2,1,F
8615,4,0,0,0,F
8655,2,2,2,1,T
8660,0,0,0,0,F
8688,0,0,0,0,F
8692,0,0,2,1,F
8696,0,0,2,0,F
8699,35,4,2,1,T
8735,10,2,2,0,F
8768,0,0,0,0,F
8777,1,0,0,0,F
8787,14,2,0,0,T
8807,9,1,2,1,F
8829,11,2,2,1,T
8844,10,1,2,1,F
8867,0,0,0,0,F
8905,0,0,0,0,F
9029,3,0,6,4,T
9045,4,4,0,0,F
9078,4,4,0,0,F
9087,3,3,2,1,F
9115,0,0,0,0,F
9158,0,0,2,1,T
9167,2,0,4,2,F
9221,0,0,0,0,F
9255,2,0,2,1,F
9359,0,0,2,1,F
9364,2,2,2,1,F
9365,4,0,2,1,F
9387,1,1,3,2,T
9401,13,2,4,2,T
9433,0,0,0,0,F
9458,2,2,0,0,F
9526,3,0,0,0,F
9547,2,0,0,0,F
9572,0,0,0,0,F
9587,14,2,0,0,T
9623,28,3,0,0,T
9708,47,4,0,0,T
9724,43,7,0,0,T
9726,1,1,0,0,F
9743,3,0,9,5,T
9788,27,6,2,1,T
9872,4,4,5,3,T
9922,2,0,2,1,F
9955,4,4,0,0,F
9969,3,0,2,1,F
10033,4,4,0,0,F
10036,0,0,2,1,F
1008,0,0,0,0,F
10123,4,4,0,0,F
1015,2,0,0,0,F
10150,1,0,0,0,F
10162,0,0,1,0,F
1017,0,0,0,0,F
10228,3,3,2,1,T
1023,2,2,0,0,F
10244,3,3,0,0,F
10247,8,2,0,0,F
10288,1,0,2,1,F
10304,2,2,0,0,T
10311,15,4,2,1,T
10320,0,0,1,0,F
10333,1,0,0,0,F
10346,2,2,4,3,T
10355,10,2,3,2,T
10474,0,0,0,0,F
10488,0,0,2,1,F
10490,2,0,0,0,T
10512,0,0,2,1,F
10540,1,1,0,0,F
10575,8,2,2,1,F
10586,0,0,0,0,F
10596,7,3,0,0,F
1061,1,1,2,1,F
10633,4,0,2,1,F
10655,2,2,2,1,F
10662,0,0,0,0,F
10676,3,3,0,0,F
10692,1,1,2,1,F
10700,1,0,0,0,F
10736,1,1,3,2,T
10751,8,2,6,3,T
1078,0,0,1,0,F
10785,1,1,0,0,F
10808,8,1,0,0,F
1083,14,4,0,0,T
10833,2,0,2,1,F
10858,1,0,0,0,F
10954,1,0,0,0,F
10969,44,6,0,0,T
10988,0,0,0,0,F
11005,0,0,0,0,F
11017,18,5,2,1,T
11062,36,4,7,5,T
11096,0,0,0,0,F
11148,13,3,0,0,T
11157,4,4,2,1,F
11190,0,0,0,0,F
11209,11,1,0,0,F
11232,1,1,0,0,F
11307,3,3,0,0,F
1131,2,2,2,1,F
11337,0,0,2,1,F
11362,2,0,2,1,F
11363,4,0,3,2,T
11404,13,3,0,0,T
11405,30,4,4,2,F
11421,0,0,0,0,F
11511,4,4,2,1,F
11536,2,0,0,0,F
11568,1,1,2,1,F
11597,3,3,4,2,T
11605,0,0,4,2,T
1169,5,5,2,1,F
11694,9,1,2,1,T
11715,1,0,2,1,F
1172,1,1,0,0,F
11742,2,0,0,0,F
11839,0,0,3,2,T
11849,0,0,0,0,F
1187,0,0,2,1,T
1188,39,4,6,3,T
11881,0,0,3,2,F
11892,0,0,0,0,F
11895,3,3,5,4,T
11898,4,0,1,0,F
11904,0,0,2,1,F
11913,0,0,2,1,T
11919,1,0,1,0,F
11937,4,0,2,1,T
11954,4,4,0,0,F
11976,0,0,2,1,F
11993,0,0,0,0,F
1248,0,0,0,0,F
1274,1,1,0,0,F
1306,0,0,0,0,F
1329,0,0,2,1,F
1351,1,0,2,0,F
1408,1,0,2,1,F
1449,1,0,0,0,F
1507,0,0,6,3,T
1519,0,0,2,1,T
1585,0,0,0,0,F
1628,0,0,0,0,F
1685,0,0,2,0,F
1703,0,0,1,0,F
1720,1,1,0,0,F
1728,0,0,2,1,F
1733,1,1,0,0,F
1835,9,3,0,0,F
1836,12,2,2,1,T
1876,13,2,2,1,T
1900,23,3,7,4,T
1923,2,2,3,2,T
1954,23,4,0,0,T
2044,3,3,1,0,F
2151,4,0,2,1,T
2164,4,0,0,0,F
2209,23,3,4,2,T
2284,0,0,2,1,F
2319,2,2,0,0,F
2353,0,0,2,0,F
2374,0,0,0,0,F
2487,2,0,2,1,F
2502,13,4,0,0,T
2525,4,4,0,0,F
2533,0,0,0,0,F
2572,26,4,1,0,T
2581,4,4,3,2,T
2587,23,3,2,1,T
2594,1,1,3,2,T
2599,4,4,0,0,F
2605,21,2,2,1,T
2628,0,0,4,2,T
2657,9,4,0,0,F
2669,0,0,6,4,T
2676,5,5,2,1,F
2720,33,4,3,2,T
2728,4,4,0,0,F
2743,4,0,2,0,F
2785,2,2,0,0,F
2796,4,4,3,2,F
2836,4,4,2,1,F
2896,6,1,0,0,F
2916,0,0,0,0,F
2987,2,0,0,0,F
3018,4,4,0,0,F
3022,2,0,2,1,F
3024,3,3,0,0,F
3033,3,3,2,1,F
3073,0,0,3,2,T
3080,1,1,6,3,T
3083,0,0,0,0,F
3085,2,2,2,1,F
3089,1,0,2,1,F
3113,8,1,0,0,F
3120,0,0,2,1,F
3162,3,0,2,1,F
3245,0,0,0,0,F
3282,0,0,0,0,F
3329,1,1,0,0,F
3331,1,1,0,0,T
3352,10,6,2,1,T
3366,2,0,2,1,T
3455,4,0,0,0,F
3476,4,0,2,1,F
3499,0,0,0,0,F
3504,0,0,0,0,F
3505,24,7,0,0,T
3618,0,0,0,0,F
3623,0,0,0,0,F
3674,4,4,0,0,T
3710,0,0,0,0,F
3757,4,0,2,1,F
3784,1,1,0,0,F
3801,0,0,1,0,F
3819,0,0,0,0,F
3824,3,3,2,1,F
3839,14,3,2,0,T
3881,0,0,0,0,F
3900,4,4,0,0,F
3936,3,0,2,1,F
3951,0,0,0,0,F
3955,3,0,0,0,T
3995,4,0,0,0,F
4079,7,2,3,2,T
4106,1,1,0,0,F
4110,0,0,0,0,F
4123,2,0,2,1,F
4138,13,3,3,2,T
4153,0,0,2,1,F
4155,0,0,2,1,T
4187,12,2,0,0,T
4190,6,1,0,0,F
4254,0,0,2,1,F
4255,2,0,2,1,F
4267,0,0,0,0,F
4272,6,2,0,0,F
4286,0,0,2,1,F
4294,4,4,3,2,F
4343,2,0,2,1,F
4357,5,1,0,0,F
4362,0,0,2,1,F
4429,35,3,2,1,T
4450,0,0,2,1,F
4472,3,0,0,0,F
4539,4,0,2,1,F
4543,0,0,2,1,F
4545,1,1,2,1,T
4572,0,0,0,0,F
4608,57,8,0,0,T
4618,3,0,2,1,F
4626,0,0,0,0,F
4654,0,0,0,0,F
4668,0,0,0,0,F
4734,0,0,4,2,T
4825,9,2,2,1,F
4848,1,1,0,0,F
4867,9,1,2,1,F
4892,1,1,0,0,F
4925,0,0,0,0,F
4928,3,0,0,0,F
4929,0,0,0,0,F
4935,0,0,0,0,F
4948,4,4,2,1,T
4950,0,0,0,0,F
4968,1,1,2,1,F
4981,3,3,2,1,F
5129,0,0,0,0,F
5153,3,0,2,1,F
5154,4,4,2,1,F
5170,0,0,2,1,F
5244,0,0,0,0,F
5287,0,0,0,0,F
5293,0,0,4,2,T
5308,2,2,4,2,T
5349,5,5,2,0,F
5364,20,2,0,0,T
5480,22,3,2,0,T
5484,2,2,3,2,T
5547,0,0,2,1,F
5580,1,0,0,0,F
5617,1,1,2,1,F
5648,11,4,6,3,T
5659,3,3,3,2,T
5667,0,0,2,1,F
5669,17,3,2,1,T
5727,0,0,4,2,T
5734,1,1,6,3,T
5756,3,0,6,3,T
5762,2,2,2,1,T
5837,26,4,0,0,T
6010,0,0,0,0,F
6030,0,0,2,1,F
6078,0,0,0,0,F
6086,0,0,0,0,F
6135,0,0,2,1,F
6254,0,0,2,1,F
6277,2,2,0,0,F
6285,0,0,3,2,T
6287,5,5,0,0,F
6303,3,3,0,0,F
6379,0,0,3,2,T
6436,0,0,0,0,F
6442,2,2,0,0,F
6514,0,0,1,0,F
6537,1,1,0,0,F
6610,0,0,2,1,F
6612,10,2,3,2,T
6652,0,0,2,1,F
6720,0,0,4,3,T
6747,19,3,0,0,T
6778,11,2,0,0,T
6860,0,0,0,0,F
6871,0,0,2,1,F
6887,3,3,2,1,F
6904,0,0,2,1,F
6921,3,0,2,1,F
6924,11,3,2,1,T
6990,0,0,0,0,F
7027,4,0,2,0,F
7065,0,0,0,0,F
7091,66,7,0,0,T
7212,17,3,0,0,T
7216,0,0,2,1,F
7282,6,6,2,1,F
7291,1,1,7,4,T
7307,0,0,0,0,F
7327,0,0,2,1,F
7354,2,0,0,0,F
7374,0,0,2,1,F
7401,0,0,0,0,F
7434,0,0,8,5,T
7447,3,0,0,0,F
7535,6,6,2,1,F
7551,0,0,0,0,F
7597,28,7,2,1,T
7663,0,0,0,0,F
7672,6,1,0,0,F
7705,1,1,2,1,F
7811,0,0,2,1,F
7816,5,5,0,0,F
7844,4,4,2,1,F
7882,2,2,0,0,F
7903,3,3,0,0,F
7926,8,8,3,2,T
7929,0,0,4,2,T
7972,2,0,1,0,F
7973,4,4,0,0,F
7974,2,0,3,2,T
8003,0,0,4,2,T
8011,7,3,0,0,F
8094,1,0,2,1,F
8160,1,1,0,0,F
8254,3,0,2,1,F
8267,0,0,0,0,F
8312,4,0,3,2,T
8350,0,0,3,2,F
8368,31,5,0,0,T
8378,2,0,1,0,F
8393,0,0,2,1,T
8437,0,0,2,1,F
8444,29,4,6,4,T
8468,0,0,0,0,F
8530,0,0,0,0,F
8551,19,2,0,0,T
8612,0,0,0,0,F
8628,22,2,0,0,T
8653,9,4,2,1,F
8661,6,1,0,0,F
8687,0,0,0,0,T
8706,0,0,7,4,T
8709,0,0,2,1,T
8771,23,4,2,1,T
8794,4,0,0,0,F
8826,0,0,2,1,F
8863,2,0,2,1,F
8875,0,0,10,5,T
9000,2,0,0,0,F
9008,0,0,0,0,T
9050,5,5,2,1,T
9058,35,6,0,0,T
9121,10,1,0,0,F
9125,0,0,0,0,F
9131,0,0,4,2,T
9254,1,0,2,1,F
9289,0,0,0,0,F
9325,2,0,0,0,F
9410,1,1,2,1,T
9423,10,2,3,2,T
9424,20,4,2,1,T
9448,22,4,0,0,T
9450,2,0,0,0,F
9501,16,4,0,0,T
9530,2,2,0,0,F
9542,0,0,8,4,F
9558,0,0,0,0,F
9562,0,0,0,0,F
9588,11,3,0,0,T
9652,0,0,0,0,F
9659,4,0,0,0,F
9671,1,0,2,1,F
9673,6,6,2,1,F
9733,4,0,3,2,T
9768,0,0,2,1,F
9804,3,3,8,4,T
10012,25,6,2,1,T
10016,0,0,2,1,T
10017,3,3,2,1,F
10029,11,3,2,1,T
10031,0,0,0,0,F
10037,3,0,4,3,T
10045,1,1,0,0,F
10169,6,6,0,0,F
10236,2,2,0,0,F
10266,1,1,0,0,F
10268,0,0,2,1,T
10312,3,0,4,2,T
10367,0,0,1,0,F
10376,0,0,2,0,F
10387,2,0,2,1,F
10400,0,0,0,0,F
10483,0,0,10,5,T
10522,0,0,0,0,F
10528,5,5,2,1,F
10556,1,1,0,0,F
10562,1,1,0,0,F
10687,0,0,4,2,T
10718,4,4,0,0,F
10735,2,2,2,1,F
10817,0,0,0,0,F
10822,2,0,0,0,F
10846,0,0,0,0,F
10849,2,0,2,1,F
10853,3,3,2,1,F
10891,1,1,0,0,F
10914,3,3,2,1,F
11081,0,0,0,0,T
11091,5,5,0,0,F
11119,4,0,0,0,F
11133,0,0,0,0,F
11183,10,4,2,1,F
11206,0,0,4,2,T
11245,0,0,2,1,F
11250,33,3,2,1,T
11264,0,0,3,2,T
11296,1,0,2,1,F
11304,0,0,6,3,T
11316,0,0,0,0,F
11376,4,4,0,0,F
11426,0,0,0,0,F
11477,0,0,4,2,T
11556,0,0,0,0,T
11584,8,8,0,0,F
11588,0,0,2,1,F
11615,0,0,0,0,F
11617,2,2,0,0,F
11650,7,2,2,1,F
11652,12,4,2,1,T
11716,32,4,6,3,T
11749,0,0,2,1,F
11783,0,0,0,0,F
11826,7,3,6,3,T
11840,1,0,2,1,F
1185,7,2,0,0,F
11880,0,0,0,0,F
11949,0,0,0,0,F
11956,0,0,1,0,F
1229,4,0,2,1,F
1271,1,1,0,0,F
1287,3,0,0,0,F
1304,2,0,0,0,F
1339,0,0,0,0,F
1375,1,0,2,1,F
1412,0,0,0,0,F
1426,4,0,2,0,F
1436,0,0,2,1,T
1438,4,0,7,5,T
1542,3,0,2,1,F
1577,23,4,0,0,T
1607,7,7,0,0,F
1611,0,0,2,0,F
1614,0,0,2,1,T
1647,0,0,4,2,T
1722,0,0,0,0,F
1732,6,6,0,0,F
1739,17,4,2,1,T
1936,9,1,0,0,F
2015,2,0,2,1,F
2016,0,0,0,0,F
2091,1,1,0,0,F
2140,1,0,0,0,F
2143,1,1,0,0,F
2188,0,0,0,0,T
2189,0,0,0,0,F
2191,0,0,0,0,F
2221,0,0,4,2,F
2228,0,0,4,2,T
2298,4,4,2,1,T
2352,6,6,6,3,T
2385,0,0,0,0,F
2396,0,0,4,3,T
2415,0,0,2,1,F
2446,3,3,0,0,F
2459,3,0,0,0,F
2512,0,0,2,1,F
2518,0,0,2,1,F
2545,0,0,0,0,F
2558,3,0,0,0,F
2593,3,3,4,2,T
2602,11,1,0,0,F
2606,0,0,5,3,T
2613,0,0,2,1,F
2638,2,0,4,2,T
2652,0,0,3,2,F
2664,0,0,0,0,F
2681,4,4,2,1,F
2689,1,0,0,0,F
2711,34,4,4,3,T
2740,0,0,2,1,T
2746,0,0,0,0,F
2792,0,0,3,2,T
2852,16,4,0,0,T
2870,0,0,2,1,F
2885,0,0,0,0,F
2907,0,0,3,2,T
2913,0,0,0,0,T
2923,18,2,2,1,T
2960,2,0,2,1,T
2988,22,3,2,1,T
2991,0,0,2,0,F
3047,1,1,0,0,F
3059,15,2,5,3,T
3067,3,3,0,0,F
3084,6,1,0,0,F
3096,3,3,0,0,F
3116,21,2,2,1,T
3130,25,3,4,2,F
3137,22,2,4,2,T
3157,5,5,6,3,T
3165,0,0,2,0,F
3191,0,0,3,2,T
3207,0,0,4,2,T
3226,1,1,2,1,F
3230,0,0,4,2,F
3232,2,2,0,0,F
3248,1,0,8,4,T
3294,1,1,2,1,F
3381,4,0,3,2,T
3388,15,5,3,2,T
3410,59,7,0,0,T
3433,2,2,0,0,F
3446,1,0,2,1,F
3462,16,3,4,2,T
3487,12,3,2,1,T
3561,0,0,1,0,F
3570,4,0,3,2,T
3595,3,3,2,1,F
3606,5,5,0,0,F
3663,0,0,0,0,F
3708,0,0,6,3,T
3716,7,1,1,0,F
3755,3,3,2,1,F
3761,3,3,2,1,T
3847,2,0,2,1,F
3851,8,2,4,2,T
3934,0,0,0,0,F
3956,0,0,2,1,F
3996,1,0,9,5,T
3999,15,2,0,0,T
4018,3,0,0,0,F
4038,1,0,0,0,T
4125,0,0,2,1,F
4159,1,0,0,0,F
4170,11,4,0,0,T
4201,11,2,0,0,T
4225,1,1,3,2,T
4235,4,0,0,0,F
4257,0,0,0,0,F
4279,47,4,0,0,T
4409,2,2,0,0,F
4434,1,1,0,0,F
4447,0,0,0,0,T
4473,11,2,0,0,T
4497,1,1,0,0,F
4503,3,3,0,0,F
4530,34,7,0,0,T
4575,1,1,0,0,T
4591,3,0,0,0,F
4659,22,3,0,0,T
4683,20,2,2,1,T
4691,0,0,4,2,T
4693,1,1,0,0,F
4702,3,3,2,1,F
4744,6,6,0,0,F
4774,3,0,6,4,T
4787,0,0,2,1,F
4791,0,0,0,0,F
4812,3,0,0,0,F
4821,22,3,2,1,T
4831,17,5,0,0,T
4873,0,0,0,0,F
4937,16,6,2,1,T
4949,33,6,0,0,T
4951,8,4,1,0,F
5011,9,3,5,4,T
5047,4,4,0,0,F
5115,7,1,0,0,F
5122,4,4,0,0,F
5146,0,0,2,1,F
5182,4,4,0,0,F
5191,0,0,3,2,F
5211,0,0,4,2,T
5235,16,2,5,3,T
5462,0,0,8,4,T
5565,1,0,0,0,F
5574,0,0,1,0,F
5596,28,8,2,1,T
5642,33,6,0,0,T
5654,3,0,2,1,F
5664,22,2,2,1,T
5688,11,2,0,0,T
5716,0,0,4,2,T
5720,19,2,0,0,T
5799,0,0,0,0,F
5818,0,0,0,0,F
5875,22,5,0,0,T
5919,0,0,3,2,T
5925,1,0,2,0,F
5936,3,3,2,1,F
6034,6,6,2,1,F
6051,0,0,0,0,F
6080,0,0,2,1,F
6103,0,0,3,2,T
6107,0,0,0,0,F
6219,1,0,2,1,F
6241,3,0,0,0,F
6273,0,0,2,0,F
6292,0,0,0,0,F
6328,2,0,0,0,F
6372,26,3,0,0,T
6403,3,3,2,1,F
6406,3,0,0,0,F
6415,3,3,3,2,T
6446,0,0,0,0,F
6447,0,0,0,0,F
6476,8,2,1,0,F
6491,3,3,7,4,T
6528,0,0,4,2,T
6533,29,6,2,1,T
6552,0,0,0,0,F
6589,5,5,9,5,T
6609,10,2,0,0,F
6660,0,0,4,2,T
6672,1,1,0,0,F
6702,0,0,2,1,F
6709,0,0,0,0,F
6735,0,0,2,1,T
6755,11,6,2,1,T
6803,8,8,2,1,F
6806,9,2,0,0,F
6809,1,1,2,1,T
6885,3,3,0,0,F
6897,14,3,3,2,T
7017,0,0,0,0,T
7030,0,0,0,0,F
7034,1,0,6,4,T
7049,0,0,0,0,F
7051,33,3,2,1,T
7132,2,0,3,2,T
7235,10,2,0,0,F
7238,0,0,0,0,F
7326,3,3,0,0,F
7331,2,0,0,0,F
7406,0,0,0,0,F
7433,2,2,4,2,T
7449,0,0,0,0,F
7485,7,3,0,0,F
7549,6,3,0,0,F
7579,14,4,0,0,T
7587,1,1,9,5,T
7591,0,0,2,1,F
7599,0,0,0,0,F
7624,2,0,4,2,T
7671,3,0,2,1,F
7727,0,0,2,1,F
7737,38,7,0,0,T
7750,15,4,0,0,T
7774,9,1,0,0,F
7787,0,0,2,1,F
7800,0,0,0,0,T
7860,29,3,0,0,T
7868,0,0,2,1,F
7889,3,3,2,1,F
7993,2,2,2,1,F
8034,4,4,2,1,F
8040,20,4,2,1,T
8049,0,0,0,0,F
8052,4,0,0,0,F
8093,5,5,0,0,F
8103,1,1,0,0,F
8109,4,0,6,4,T
8115,1,0,2,1,T
8152,0,0,0,0,F
8176,0,0,0,0,F
8200,0,0,2,1,F
8204,0,0,0,0,F
8304,0,0,0,0,F
8380,3,0,0,0,F
8403,14,2,0,0,T
8424,5,1,0,0,F
8433,0,0,2,1,F
8445,2,2,0,0,F
8481,12,4,2,1,T
8489,0,0,2,1,F
8593,8,8,2,0,F
8712,20,6,2,1,T
8903,1,1,2,0,F
8915,19,6,2,1,T
8919,12,2,0,0,T
8935,0,0,0,0,F
8937,9,2,2,1,F
8966,0,0,0,0,F
9001,28,3,0,0,T
9030,8,3,0,0,F
9112,3,3,0,0,F
9117,4,4,0,0,F
9119,23,4,2,1,T
9181,0,0,0,0,F
9233,66,7,0,0,T
9251,12,3,2,1,T
9261,3,3,4,2,T
9270,0,0,0,0,F
9282,2,2,0,0,F
9291,7,2,1,0,F
9294,0,0,0,0,T
9306,1,0,0,0,F
9307,0,0,0,0,F
9317,0,0,6,4,T
9319,0,0,0,0,F
9343,8,3,2,1,T
9355,31,3,2,1,T
9360,3,3,2,1,F
9378,4,4,8,4,T
9400,8,1,0,0,F
9443,8,8,4,2,T
9449,2,0,2,1,T
9451,20,6,9,5,F
9464,4,4,0,0,F
9484,0,0,2,1,F
9499,3,0,4,3,T
9581,0,0,3,2,T
9586,2,0,2,1,F
9609,2,0,2,1,F
9618,35,8,0,0,T
9650,1,1,2,1,F
9661,0,0,2,1,F
9667,0,0,3,2,T
9704,0,0,0,0,F
9714,12,4,0,0,T
9721,20,3,0,0,T
9831,0,0,0,0,F
9841,4,0,0,0,F
9861,0,0,4,2,T
9892,0,0,0,0,F
9915,0,0,2,1,F
9984,2,0,0,0,F
9990,8,1,2,1,T
9999,1,1,2,1,T
10009,20,2,2,1,T
10039,10,3,2,1,F
10083,28,3,2,1,T
10098,0,0,6,4,T
10136,3,3,0,0,F
10203,8,8,0,0,F
10230,11,2,0,0,T
10272,0,0,2,1,F
10303,10,1,2,1,F
10319,1,0,0,0,F
10356,1,1,0,0,F
10401,0,0,0,0,F
10425,0,0,0,0,F
1048,21,5,2,1,T
10506,1,0,2,1,F
10534,0,0,0,0,F
10603,0,0,0,0,F
10614,3,0,0,0,F
10671,0,0,0,0,F
10693,0,0,2,1,T
10707,29,5,2,1,T
10709,9,4,0,0,F
1074,3,0,0,0,F
10770,3,0,0,0,F
10773,0,0,2,1,F
10790,0,0,5,3,T
10806,0,0,2,1,F
10847,29,3,2,1,T
10991,12,4,0,0,T
11088,0,0,2,1,F
11089,0,0,2,1,F
11100,1,0,3,2,T
11142,2,0,9,5,T
11192,0,0,5,4,T
11236,10,3,0,0,F
11237,4,4,5,4,T
11253,0,0,2,1,F
11295,23,4,2,1,T
11346,11,1,2,1,F
11361,3,3,2,1,F
11368,2,2,2,1,F
11387,5,5,4,2,T
1140,4,4,2,1,F
11410,0,0,0,0,F
1146,0,0,0,0,T
11476,1,1,4,2,T
11525,0,0,2,1,F
1161,0,0,0,0,F
11635,0,0,0,0,F
1167,12,2,0,0,T
11675,15,3,2,0,T
11693,3,0,0,0,F
11700,4,0,0,0,F
11714,1,1,5,4,T
11727,1,0,2,1,F
11735,38,5,4,2,T
11744,0,0,2,1,F
11763,0,0,2,0,F
1182,19,2,0,0,T
11855,3,3,2,1,F
11864,12,2,0,0,T
1191,1,1,2,1,F
11958,45,5,0,0,T
11961,1,1,0,0,F
11972,0,0,2,1,F
11994,2,0,0,0,F
1267,0,0,2,1,T
1352,0,0,0,0,F
1372,1,0,8,4,T
1384,0,0,0,0,F
1429,4,4,2,1,F
1447,0,0,2,1,F
1463,1,0,3,2,T
1475,0,0,5,3,T
1481,0,0,2,1,F
1489,3,0,2,0,F
1505,2,0,0,0,F
1557,4,4,2,1,F
1606,2,2,0,0,F
1644,6,6,0,0,F
1657,1,1,0,0,F
1673,4,0,2,1,F
1681,11,6,2,1,T
1692,14,3,2,1,T
1696,2,0,0,0,F
1727,1,1,1,0,F
1780,0,0,0,0,F
1855,0,0,2,1,T
1868,3,0,3,2,T
1924,0,0,6,3,T
1935,3,3,4,2,F
1951,6,6,0,0,F
1972,3,3,0,0,F
2005,10,2,0,0,F
2019,0,0,2,1,F
2021,0,0,2,1,F
2045,11,4,0,0,T
2050,11,2,0,0,T
2079,0,0,0,0,F
2083,6,6,0,0,F
2110,0,0,0,0,F
2127,3,3,6,3,T
2158,2,2,2,1,T
2166,0,0,0,0,F
2202,6,6,2,0,F
2212,8,8,0,0,F
2287,0,0,2,1,F
2293,15,3,2,0,T
2318,0,0,0,0,F
2324,0,0,2,1,F
2357,0,0,0,0,F
2393,0,0,0,0,F
2406,2,2,2,1,T
2458,0,0,0,0,F
2520,0,0,2,1,F
2536,0,0,4,2,T
2537,0,0,4,2,T
2538,23,4,0,0,T
2564,2,0,2,1,F
2591,2,0,0,0,F
2649,0,0,0,0,F
2723,4,0,0,0,F
2732,4,4,0,0,F
2756,1,1,0,0,F
2757,1,0,0,0,F
2758,40,6,2,1,T
2822,2,2,0,0,F
2865,8,8,0,0,F
2866,12,2,0,0,T
2868,0,0,0,0,F
3015,1,0,5,3,T
3042,4,0,2,1,F
3077,67,6,0,0,T
3092,0,0,6,5,T
3108,13,3,4,2,T
3140,17,3,2,1,T
3160,1,1,2,1,F
3269,1,0,0,0,F
3296,2,2,2,1,F
3318,0,0,0,0,T
3332,1,0,0,0,F
3357,0,0,2,0,F
3387,18,2,0,0,T
3403,0,0,0,0,F
3411,3,3,2,1,F
3422,0,0,2,1,F
3490,2,0,1,0,F
3492,0,0,4,2,T
3527,4,0,2,1,F
3549,7,2,0,0,F
3581,4,0,7,4,T
3616,3,0,2,1,F
3632,0,0,0,0,F
3649,3,0,3,2,T
3685,2,2,0,0,F
3694,4,0,0,0,F
3745,0,0,0,0,F
3752,22,4,0,0,T
3767,2,0,0,0,F
3785,1,1,2,1,F
3787,1,1,3,2,T
3806,0,0,0,0,F
3811,1,1,2,0,F
3818,0,0,2,1,F
3883,9,3,2,1,F
4044,0,0,0,0,F
4051,1,1,2,1,F
4124,1,1,2,1,F
4144,0,0,1,0,F
4162,5,5,0,0,F
4165,0,0,2,1,T
4177,9,4,0,0,F
4198,0,0,2,1,F
4232,0,0,0,0,F
4263,23,4,0,0,T
4274,2,0,2,1,T
4369,2,0,2,1,F
4370,3,0,2,1,F
4374,2,0,9,5,T
4440,1,1,2,1,F
4527,2,0,0,0,F
4532,0,0,0,0,F
4536,1,1,2,1,F
4538,1,0,1,0,F
4547,2,0,2,1,F
4584,1,1,2,1,F
4652,7,1,2,1,F
4653,0,0,2,1,F
4680,1,0,2,1,F
4743,2,0,0,0,F
4754,32,6,0,0,T
4804,0,0,0,0,F
4902,35,6,0,0,T
4930,0,0,0,0,T
4957,0,0,0,0,F
4989,4,0,0,0,F
5009,23,7,2,1,T
5010,0,0,2,0,F
5023,5,2,0,0,F
5024,1,0,0,0,F
5028,21,4,2,0,T
5077,6,6,2,1,F
5107,16,4,0,0,T
5114,26,4,2,1,T
5147,4,4,0,0,F
5149,0,0,2,1,F
5159,4,4,2,1,F
5199,4,4,7,4,T
5254,2,2,2,1,F
5272,2,2,2,1,F
5290,8,1,0,0,F
5318,0,0,7,5,T
5365,66,6,2,1,T
5466,3,3,4,2,T
5469,0,0,0,0,F
5472,2,2,1,0,F
5553,6,6,0,0,T
5607,9,1,0,0,F
5633,9,4,0,0,F
5735,18,4,2,1,T
5789,2,2,0,0,F
5857,0,0,0,0,F
5909,1,1,1,0,F
5918,0,0,0,0,F
5934,0,0,2,1,F
5935,15,2,0,0,T
6020,0,0,2,1,F
6031,0,0,0,0,F
6042,5,5,2,0,T
6050,4,0,0,0,F
6056,1,1,0,0,F
6063,0,0,2,1,F
6105,1,0,2,1,F
6161,0,0,0,0,F
6186,3,0,0,0,F
6188,0,0,3,2,T
6229,5,5,2,1,F
6268,4,0,0,0,F
6295,5,5,3,2,T
6297,31,3,2,1,T
6300,4,0,0,0,F
6305,4,0,3,2,T
6307,37,6,0,0,T
6314,6,2,0,0,F
6329,0,0,0,0,F
6339,4,0,2,1,F
6349,1,0,2,1,T
6357,2,2,2,1,F
6458,0,0,0,0,F
6466,4,4,0,0,T
6472,2,2,4,2,T
6540,0,0,0,0,F
6623,1,0,0,0,F
6637,13,2,0,0,T
6666,0,0,0,0,F
6681,2,0,3,2,T
6716,0,0,4,2,T
6717,1,0,2,1,F
6733,7,7,0,0,F
6740,2,2,8,4,T
6762,0,0,2,1,F
6795,1,1,0,0,F
7019,10,2,0,0,F
7040,2,2,0,0,F
7057,35,3,8,4,T
7076,21,6,2,1,T
7089,17,2,0,0,T
7140,4,4,2,1,T
7146,20,4,0,0,T
7152,0,0,4,2,T
7157,34,5,0,0,T
7205,24,4,0,0,T
7207,2,2,2,1,F
7237,9,1,2,1,T
7259,0,0,2,1,F
7317,17,2,0,0,T
7323,0,0,1,0,F
7373,1,1,2,1,F
7407,13,2,0,0,T
7416,3,3,2,1,F
7444,0,0,0,0,F
7521,21,3,2,1,T
7564,17,2,0,0,T
7576,2,2,2,1,F
7650,0,0,3,2,T
7655,2,0,2,1,T
7723,7,7,0,0,F
7755,4,4,4,2,T
7765,22,2,0,0,T
7881,1,1,0,0,F
7910,1,0,2,1,F
7957,0,0,2,1,F
7968,0,0,6,4,F
7987,3,3,9,5,T
8043,12,2,2,1,T
8069,0,0,0,0,F
8149,5,1,3,2,T
8170,0,0,0,0,F
8180,0,0,0,0,F
8239,2,2,2,1,F
8265,31,5,2,1,T
8295,3,0,2,1,F
8306,4,4,2,1,F
8377,4,0,0,0,F
8426,1,0,3,2,T
8431,4,0,0,0,F
8452,0,0,0,0,F
8544,0,0,4,3,T
8546,1,1,7,4,T
8597,30,4,2,1,T
8626,5,5,2,1,F
8658,1,0,0,0,F
8663,14,3,0,0,T
8685,0,0,6,4,T
8723,19,7,2,0,T
8805,33,3,1,0,T
8861,11,1,0,0,F
8864,4,0,0,0,F
8872,22,4,0,0,T
8938,5,5,2,1,F
8957,0,0,0,0,F
8973,3,0,0,0,F
9010,2,0,0,0,F
9013,4,4,2,0,F
9054,0,0,2,1,F
9164,2,2,2,1,F
9175,0,0,3,2,T
9193,1,1,2,1,F
9201,6,6,2,1,F
9202,0,0,2,1,F
9207,10,2,2,1,F
9232,11,2,4,2,F
9312,12,6,2,1,T
9337,0,0,0,0,F
9599,5,5,0,0,F
9645,0,0,1,0,F
9678,17,4,2,1,T
9718,2,0,0,0,F
9727,3,0,0,0,F
9778,9,1,0,0,F
9815,10,3,3,2,T
9849,1,1,2,1,T
9854,15,3,2,1,T
9880,16,2,0,0,T
9907,1,0,4,2,T
9914,0,0,4,2,F
9923,2,2,0,0,F
9924,1,1,0,0,F
9945,0,0,2,1,F
9952,24,3,0,0,T
9971,0,0,0,0,T
9995,2,0,0,0,F
10046,9,1,1,0,F
10063,8,1,4,2,T
10167,13,3,0,0,T
10186,0,0,2,1,F
10238,6,6,0,0,F
10284,1,0,0,0,F
10297,6,1,2,1,F
10371,20,2,0,0,T
10372,13,2,4,2,T
10383,4,4,2,1,T
1049,0,0,0,0,F
10501,0,0,2,1,T
10541,0,0,2,1,F
1065,4,0,0,0,F
10666,2,0,2,1,F
10695,0,0,2,1,F
10714,0,0,0,0,F
10731,3,3,0,0,F
10756,4,0,0,0,F
10760,3,0,2,1,F
10781,2,2,4,2,T
10792,0,0,2,1,F
10803,0,0,5,3,T
10860,2,2,0,0,F
10861,4,4,0,0,F
10919,2,2,0,0,F
10959,10,2,1,0,F
10973,1,1,0,0,F
11021,4,4,0,0,F
11099,2,2,2,1,F
11103,3,3,0,0,F
11104,0,0,2,1,F
11116,1,0,0,0,F
11135,0,0,2,1,T
11173,0,0,0,0,F
11196,0,0,0,0,F
11215,0,0,7,4,T
11312,44,4,0,0,T
11357,1,1,0,0,F
11370,2,0,2,1,T
11372,6,6,0,0,F
11389,11,4,0,0,T
1139,0,0,4,3,T
11413,3,0,0,0,F
11425,0,0,0,0,T
11429,26,7,0,0,T
11467,1,1,0,0,T
11585,0,0,2,1,F
11590,1,1,0,0,F
1163,0,0,0,0,F
11640,29,4,3,2,T
11641,2,2,0,0,F
11657,2,2,2,1,F
11659,3,0,3,2,T
11662,4,0,4,2,T
11676,29,5,7,5,T
11753,10,5,2,1,F
11831,3,0,2,1,F
11897,1,1,2,1,F
11916,3,3,3,2,T
11917,7,2,3,2,T
11944,0,0,0,0,F
11987,4,4,0,0,F
11988,0,0,2,1,T
11989,1,0,2,1,F
1224,1,1,2,1,T
1242,0,0,3,2,T
1268,3,0,4,2,T
1280,31,5,2,1,T
1293,0,0,2,1,F
1307,0,0,2,1,F
1346,3,3,2,1,T
1360,0,0,0,0,F
1368,2,2,7,4,T
1398,10,5,0,0,F
1423,6,6,0,0,T
1492,2,2,2,1,F
1559,2,2,2,0,F
1581,20,3,2,1,T
1635,3,0,0,0,F
1645,0,0,2,1,T
1747,0,0,0,0,F
1763,2,2,0,0,F
1782,0,0,2,1,F
1808,10,2,0,0,T
1830,2,2,0,0,F
1831,0,0,4,2,F
1847,2,0,2,1,F
1882,10,2,0,0,F
1889,29,5,5,4,T
1946,5,5,2,1,F
1947,3,3,3,2,T
1948,0,0,4,2,T
2009,16,2,2,1,T
2017,2,2,0,0,F
2020,0,0,1,0,F
2111,11,3,2,1,T
2176,4,4,0,0,F
2187,5,5,2,1,F
2197,0,0,0,0,F
2213,0,0,0,0,F
2268,3,3,0,0,F
2336,0,0,0,0,F
2342,6,3,0,0,F
2363,0,0,0,0,F
2384,3,3,4,2,T
2463,1,0,2,1,F
2470,11,1,0,0,F
2491,0,0,4,2,T
2577,19,3,0,0,T
2597,0,0,0,0,F
2614,0,0,0,0,F
2637,3,0,2,1,F
2678,0,0,0,0,F
2686,2,2,0,0,F
2696,9,1,0,0,F
2699,2,0,0,0,F
2700,3,0,2,1,F
2712,0,0,6,3,F
2722,1,1,6,5,F
2724,4,0,0,0,F
2737,0,0,1,0,F
2830,1,0,0,0,F
2880,0,0,4,2,T
2892,0,0,0,0,F
2898,0,0,0,0,F
2995,0,0,5,4,T
3041,1,1,0,0,F
3062,26,3,2,1,T
3194,1,0,2,1,F
3231,4,0,0,0,T
3254,2,2,0,0,F
3333,0,0,0,0,F
3339,0,0,0,0,F
3362,0,0,0,0,F
3379,2,0,3,2,T
3380,9,2,4,2,T
3385,8,3,3,2,T
3404,0,0,0,0,F
3429,0,0,3,2,T
3556,5,5,0,0,F
3569,6,6,0,0,F
3598,3,0,0,0,F
3599,1,1,0,0,F
3612,0,0,4,2,T
3639,2,2,0,0,F
3748,1,1,0,0,F
3790,0,0,0,0,F
3849,0,0,6,4,T
3869,0,0,0,0,F
3907,3,0,0,0,F
3930,50,8,2,1,T
3949,50,8,2,1,T
3954,0,0,0,0,F
3982,1,1,0,0,F
4023,11,1,2,1,F
4071,6,6,3,2,T
4095,3,3,0,0,F
4101,0,0,2,0,F
4111,0,0,0,0,F
4228,0,0,2,1,F
4234,2,2,2,1,F
4316,7,7,0,0,F
4325,1,1,2,0,F
4360,4,4,4,2,T
4381,23,2,0,0,T
4514,0,0,0,0,F
4546,3,0,2,1,F
4580,4,0,2,1,F
4628,4,0,0,0,F
4648,0,0,5,4,T
4662,0,0,0,0,F
4698,8,3,2,1,T
4704,3,3,0,0,F
4748,0,0,0,0,F
4792,0,0,2,1,F
4850,0,0,3,2,T
4993,0,0,0,0,F
5026,0,0,0,0,F
5069,4,4,0,0,F
5101,2,2,0,0,F
5117,4,0,2,1,F
5181,3,0,6,3,T
5185,3,0,0,0,F
5187,19,4,4,2,T
5262,13,3,1,0,T
5286,34,5,2,1,T
5409,0,0,3,2,T
5546,8,1,0,0,F
5589,0,0,0,0,F
5602,0,0,0,0,F
5619,2,0,0,0,F
5622,10,1,0,0,F
5632,12,8,2,1,T
5721,0,0,0,0,F
5736,2,0,4,2,T
5744,1,1,2,1,F
5755,2,0,2,1,T
5757,4,4,4,2,T
5801,0,0,0,0,F
5832,11,1,0,0,F
5867,2,0,2,1,F
5879,19,3,0,0,T
5913,0,0,0,0,F
5946,1,0,0,0,F
6013,21,4,2,1,T
6021,1,0,2,1,F
6047,0,0,0,0,F
6081,6,1,0,0,F
6084,4,0,0,0,F
6138,50,5,2,1,T
6151,9,4,0,0,F
6251,14,5,4,2,T
6332,41,4,2,0,T
6356,0,0,2,1,F
6429,4,0,0,0,F
6503,44,6,0,0,T
6527,5,5,2,1,F
6567,0,0,2,1,F
6591,3,0,1,0,F
6632,6,6,0,0,F
6690,1,1,0,0,F
6698,5,5,1,0,F
6798,0,0,2,1,F
6843,7,2,0,0,F
6847,0,0,2,1,F
6853,53,5,8,5,T
6898,10,1,0,0,F
6903,13,6,0,0,T
6915,21,5,2,1,T
6938,5,5,2,1,F
6963,23,4,0,0,T
6996,4,0,0,0,F
7069,2,0,2,1,F
7101,4,0,0,0,F
7182,17,4,3,2,T
7196,1,1,0,0,F
7226,5,5,3,2,T
7263,0,0,3,2,T
7301,0,0,2,1,F
7314,0,0,2,1,F
7330,0,0,4,2,T
7341,0,0,2,0,F
7359,0,0,0,0,F
7378,1,1,2,1,F
7540,1,0,0,0,F
7563,13,3,0,0,T
7571,1,1,0,0,F
7583,0,0,0,0,F
7640,0,0,0,0,F
7696,1,1,0,0,F
7740,2,2,2,0,F
7749,0,0,2,1,F
7777,0,0,0,0,T
7780,0,0,2,1,F
7784,0,0,0,0,F
7875,0,0,2,1,T
7899,0,0,2,1,F
7911,4,4,1,0,F
7943,28,4,2,1,T
7986,19,4,1,0,T
7992,0,0,2,1,F
8025,1,0,4,2,T
8112,0,0,0,0,F
8150,9,2,4,2,T
8155,10,4,2,1,F
8172,23,3,2,1,T
8175,4,0,3,2,T
8235,37,5,2,1,T
8276,0,0,0,0,F
8283,5,1,0,0,F
8345,15,3,0,0,T
8373,3,3,0,0,F
8404,0,0,0,0,F
8425,16,2,3,2,T
8510,4,0,0,0,F
8537,1,0,0,0,F
8563,4,4,3,2,T
8570,2,2,2,1,F
8637,2,0,0,0,F
8649,0,0,0,0,F
8751,8,2,0,0,F
8796,0,0,2,1,F
8836,8,3,1,0,F
8887,0,0,0,0,F
8989,7,3,2,1,F
9002,34,3,0,0,T
9021,4,0,4,2,T
9031,5,5,2,1,F
9052,4,0,0,0,F
9053,21,4,0,0,T
9064,4,4,0,0,F
9114,10,1,2,1,F
9176,4,0,2,1,F
9195,12,3,0,0,T
9206,3,0,2,0,F
9219,2,2,0,0,F
9276,3,0,2,1,F
9280,0,0,4,2,T
9380,2,2,2,1,T
9383,0,0,2,0,F
9442,0,0,2,1,F
9446,3,3,0,0,F
9452,0,0,2,1,F
9466,5,5,2,1,T
9474,0,0,0,0,F
9476,0,0,3,2,T
9521,2,2,0,0,F
9568,0,0,5,4,F
9575,0,0,0,0,F
9694,10,2,2,1,F
9738,2,2,0,0,F
9751,10,1,0,0,F
9783,21,4,4,2,T
9791,4,0,2,0,F
9803,0,0,0,0,F
9836,1,1,0,0,F
9868,0,0,2,1,F
9879,0,0,0,0,F
9885,4,4,4,2,T
9900,3,3,2,1,F
9932,0,0,2,1,F
9970,1,1,6,4,T
10049,1,1,2,1,F
10055,0,0,3,2,T
10064,1,1,0,0,F
10073,0,0,0,0,F
10085,10,1,0,0,F
1009,2,2,0,0,F
10115,0,0,3,2,T
10116,0,0,2,1,F
10160,8,3,0,0,F
10179,0,0,0,0,F
10183,0,0,0,0,F
10214,0,0,0,0,F
10233,10,1,2,1,F
10251,22,4,2,1,T
10294,0,0,0,0,F
10322,0,0,0,0,F
10364,0,0,1,0,F
10448,0,0,2,1,F
10554,30,3,0,0,T
10564,0,0,8,4,T
10580,3,3,2,1,F
10616,2,0,3,2,T
10624,0,0,2,1,F
10645,8,1,2,1,F
10653,21,4,2,1,T
10672,3,3,3,2,T
10678,1,0,0,0,F
10680,44,6,3,2,T
10689,3,3,4,3,T
10691,10,2,1,0,T
10719,0,0,0,0,F
10815,4,0,2,1,F
10818,8,2,2,1,F
10883,0,0,2,1,F
10889,10,1,0,0,F
10906,5,5,5,3,T
10926,3,0,0,0,F
10932,84,8,0,0,T
1094,0,0,0,0,F
10943,3,3,4,2,T
10945,27,4,0,0,T
10951,3,3,3,2,T
10993,0,0,0,0,F
11059,0,0,1,0,F
11071,0,0,0,0,F
11127,7,7,0,0,F
1117,0,0,0,0,F
11178,57,8,0,0,T
11195,2,2,0,0,F
11239,17,4,6,4,T
11243,2,0,0,0,F
11254,0,0,2,1,F
11283,2,0,2,1,T
11303,2,2,4,2,T
11350,5,5,0,0,F
11443,6,6,2,1,F
11455,0,0,2,1,F
11483,2,2,2,1,F
11495,43,4,2,1,T
11527,18,2,0,0,T
11541,2,0,0,0,F
11542,0,0,0,0,F
11613,2,0,4,2,T
11614,0,0,2,1,F
1164,0,0,4,2,T
11767,2,2,3,2,T
11776,5,5,8,5,T
11786,3,0,2,1,F
11800,0,0,2,1,T
11805,20,4,2,1,T
11806,0,0,2,1,F
11834,8,3,8,5,T
11859,4,4,2,1,F
11870,0,0,2,1,F
11878,2,2,0,0,F
11902,24,4,0,0,T
11951,0,0,2,1,F
1231,0,0,0,0,F
1259,13,4,5,3,T
1278,4,0,0,0,F
1284,0,0,0,0,F
1298,1,1,0,0,F
1309,1,1,2,1,F
1330,7,1,0,0,F
1387,3,3,0,0,F
1457,35,5,2,1,T
1518,3,0,2,1,T
1688,31,3,2,1,T
1704,46,4,0,0,T
1744,0,0,2,1,F
1748,1,1,2,1,F
1757,1,0,2,1,F
1771,4,0,0,0,F
1799,3,3,4,2,T
1802,4,0,2,1,T
1810,1,1,2,1,F
1817,0,0,0,0,F
1826,1,1,4,2,T
1891,0,0,4,2,T
1903,3,3,6,3,T
1960,0,0,2,1,F
1997,51,6,0,0,T
2112,2,2,4,2,F
2114,1,0,1,0,F
2154,7,1,0,0,F
2184,0,0,2,1,T
2326,6,6,2,1,F
2328,3,3,0,0,F
2337,1,1,6,3,T
2354,1,0,0,0,F
2499,0,0,2,1,F
2507,38,6,0,0,T
2515,0,0,2,1,T
2659,0,0,2,1,F
2775,2,2,2,1,F
2837,0,0,0,0,F
2838,1,1,2,1,T
2869,2,0,2,1,F
2897,38,6,0,0,T
2928,0,0,2,1,T
2939,2,0,0,0,F
2975,0,0,0,0,F
2976,0,0,0,0,F
3023,3,3,0,0,T
3046,6,6,0,0,F
3110,0,0,0,0,F
3121,0,0,0,0,F
3168,0,0,3,2,T
3184,2,0,0,0,F
3204,3,0,0,0,F
3240,0,0,2,1,F
3258,17,7,0,0,T
3266,1,0,2,1,F
3279,16,4,4,2,T
3284,1,1,0,0,F
3344,0,0,8,4,T
3373,0,0,2,1,F
3474,9,1,2,1,F
3501,2,2,2,0,F
3585,2,0,2,1,T
3589,0,0,0,0,F
3597,35,3,2,1,T
3615,0,0,0,0,F
3620,4,4,2,1,F
3635,2,2,7,4,T
3680,20,4,0,0,T
3687,3,3,0,0,F
3691,1,0,2,1,F
3793,4,0,0,0,F
3804,1,1,0,0,F
3817,0,0,0,0,F
3880,0,0,0,0,F
3963,16,2,1,0,T
4001,7,1,0,0,F
4094,0,0,1,0,F
4151,2,2,2,1,F
4156,11,4,0,0,T
4249,0,0,3,2,T
4269,2,2,4,2,T
4326,0,0,0,0,F
4349,6,6,2,1,F
4410,0,0,0,0,F
4430,47,6,0,0,T
4463,0,0,0,0,F
4501,14,3,6,3,T
4508,1,1,6,3,T
4563,0,0,0,0,F
4614,2,2,0,0,F
4665,1,0,0,0,F
4688,4,4,2,1,F
4695,5,5,0,0,F
4751,0,0,2,1,F
4794,25,6,0,0,T
4795,3,0,0,0,F
4849,4,4,6,4,T
4891,0,0,0,0,F
4961,0,0,0,0,F
4998,0,0,3,2,T
5068,4,4,0,0,F
5076,3,3,0,0,F
5082,0,0,0,0,F
5083,6,6,0,0,F
5103,20,4,4,3,T
5157,41,6,0,0,T
5163,0,0,0,0,F
5229,1,0,0,0,F
5234,0,0,3,2,T
5240,0,0,0,0,F
5256,3,0,7,4,T
5283,72,7,2,1,T
5320,17,2,2,1,T
5354,2,2,0,0,F
5410,0,0,0,0,F
5415,1,0,0,0,F
5419,43,8,0,0,T
5447,1,1,0,0,F
5471,13,4,0,0,T
5487,4,0,0,0,F
5514,2,2,4,2,T
5518,2,0,0,0,F
5522,0,0,2,1,T
5646,41,4,2,1,T
5647,0,0,0,0,F
5677,2,2,0,0,F
5694,4,4,2,1,T
5700,0,0,2,1,F
5738,0,0,2,1,F
5753,0,0,2,1,F
5770,3,0,3,2,T
5897,2,2,4,2,T
5908,0,0,0,0,F
5921,0,0,2,0,F
5926,0,0,0,0,F
5949,0,0,0,0,F
5955,0,0,2,1,T
5967,1,0,4,2,T
5985,0,0,3,2,T
6038,15,6,4,2,T
6079,0,0,2,1,F
6088,7,7,0,0,F
6177,0,0,0,0,F
6195,0,0,5,4,T
6227,71,8,2,0,T
6263,0,0,1,0,F
6271,2,2,0,0,F
6393,0,0,0,0,F
6413,11,3,2,1,T
6419,0,0,2,0,F
6465,3,0,0,0,F
6467,1,1,0,0,F
6482,0,0,2,1,F
6498,3,3,2,1,T
6594,0,0,0,0,F
6604,0,0,2,1,T
6615,0,0,0,0,F
6675,16,3,0,0,T
6768,16,2,2,1,T
6791,33,5,3,2,T
6820,0,0,2,1,F
6874,3,3,2,1,F
6917,17,4,2,1,T
6937,22,2,4,2,T
6969,12,4,2,1,T
6982,1,0,0,0,F
6987,0,0,2,1,F
7002,0,0,10,5,T
7038,3,3,0,0,F
7054,0,0,0,0,F
7081,1,0,4,2,T
7094,4,4,0,0,F
7127,4,0,3,2,T
7130,0,0,0,0,F
7144,0,0,2,1,F
7244,0,0,3,2,T
7255,13,4,0,0,T
7311,12,2,2,1,T
7336,0,0,0,0,F
7358,4,4,4,2,T
7391,6,2,0,0,F
7429,44,6,0,0,T
7432,0,0,0,0,F
7495,4,0,6,5,F
7515,2,0,2,1,F
7523,3,0,0,0,F
7589,1,1,0,0,F
7605,0,0,2,0,F
7616,4,4,0,0,F
7634,2,0,2,1,T
7648,1,0,2,1,F
7699,1,0,6,3,T
7716,3,3,0,0,F
7730,32,4,0,0,T
7766,0,0,2,1,F
7830,0,0,1,0,F
7839,2,0,2,0,F
7846,0,0,0,0,F
7880,0,0,2,1,F
7913,0,0,0,0,F
7915,33,5,4,2,T
7928,4,4,6,3,T
8080,3,0,2,1,T
8102,0,0,0,0,F
8118,4,4,2,1,F
8213,0,0,2,0,F
8258,0,0,0,0,F
8285,15,2,2,1,T
8323,3,3,0,0,F
8330,0,0,0,0,F
8332,0,0,3,2,T
8423,0,0,2,1,F
8446,0,0,2,1,T
8606,0,0,2,1,T
8697,0,0,2,1,F
8784,2,0,2,1,T
8806,0,0,0,0,F
8810,6,6,0,0,F
8822,0,0,2,1,F
8847,8,3,0,0,F
8858,4,4,7,4,F
8877,1,1,3,2,T
8906,0,0,4,2,T
8917,0,0,0,0,F
8944,30,7,0,0,T
8951,4,0,0,0,F
9097,2,2,0,0,F
9100,11,4,0,0,T
9111,7,7,3,2,T
9128,0,0,3,2,T
9141,3,3,4,2,T
9211,0,0,0,0,F
9218,4,4,2,1,F
9258,2,2,0,0,F
9264,1,0,0,0,F
9286,2,2,2,1,F
9295,0,0,2,1,F
9332,12,2,0,0,T
9348,0,0,0,0,F
9366,2,2,3,2,T
9393,0,0,3,2,T
9438,0,0,2,1,F
9504,56,5,0,0,T
9517,0,0,0,0,F
9520,3,3,0,0,F
9561,3,0,2,1,F
9668,0,0,4,3,T
9728,0,0,2,1,F
9732,3,3,5,3,T
9735,3,0,0,0,F
9748,1,0,0,0,F
9766,2,0,0,0,F
9771,3,3,2,1,F
9782,2,0,0,0,F
9792,4,0,0,0,F
9835,1,1,2,1,F
9843,0,0,0,0,F
9847,15,6,0,0,T
9884,0,0,0,0,F
9904,1,1,0,0,T
9967,0,0,0,0,F
9968,5,1,2,1,T
10021,3,3,6,3,F
10032,14,5,2,1,T
10042,4,0,2,1,F
10078,3,0,0,0,F
10097,4,0,0,0,F
10195,0,0,2,1,F
10239,1,1,2,1,T
10248,0,0,2,1,F
10273,4,4,2,1,T
10302,0,0,0,0,F
10343,3,0,0,0,F
10361,1,0,0,0,F
10374,1,0,0,0,F
10377,0,0,0,0,F
10417,0,0,0,0,F
10432,1,0,0,0,F
10451,0,0,2,1,F
1054,0,0,0,0,F
10581,3,3,0,0,F
1059,0,0,0,0,F
10599,0,0,4,2,T
10610,17,4,8,4,T
10613,0,0,2,1,F
1063,0,0,0,0,F
10630,11,3,2,1,T
10635,13,3,0,0,T
10732,0,0,2,1,F
10779,4,4,0,0,F
10807,10,1,2,0,F
10816,5,5,2,1,T
10820,6,2,2,1,F
10859,0,0,2,1,F
10986,3,0,0,0,F
11043,2,2,0,0,F
11044,1,1,0,0,F
11065,3,3,2,1,F
11161,3,3,0,0,F
1120,0,0,0,0,F
11212,0,0,0,0,F
11214,5,1,0,0,T
11226,0,0,9,5,T
1127,7,2,2,1,T
11277,0,0,2,1,T
11301,22,2,1,0,T
11330,0,0,5,3,T
11360,0,0,2,1,F
11366,0,0,0,0,F
11402,1,0,2,1,F
11418,2,0,2,1,F
11424,4,0,0,0,T
11434,16,2,2,1,T
11438,2,0,2,1,T
11553,4,4,2,1,F
11557,14,2,2,1,T
11558,0,0,4,2,T
11566,44,5,2,1,T
11630,0,0,0,0,F
11638,0,0,2,1,T
11678,1,0,2,1,F
11737,4,0,3,2,T
11770,1,0,0,0,F
1179,0,0,0,0,F
11801,2,0,0,0,F
11874,1,1,5,4,T
1190,1,0,3,2,T
11957,0,0,0,0,F
11960,0,0,1,0,F
11977,0,0,3,2,T
11983,1,1,0,0,F
1212,0,0,2,1,T
1216,19,2,0,0,T
1253,0,0,4,2,F
1311,2,2,2,1,F
1333,7,3,1,0,F
1393,1,1,3,2,T
1420,0,0,0,0,F
1431,0,0,2,1,F
1467,2,0,0,0,F
1514,3,3,0,0,F
1541,1,0,0,0,F
1618,4,4,2,1,F
1660,3,3,8,5,T
1664,2,2,2,1,F
1667,1,1,3,2,F
1670,0,0,2,1,F
1687,5,5,2,0,F
1795,11,1,2,1,F
1874,3,0,4,2,T
1877,0,0,0,0,F
1901,34,7,2,1,T
1902,4,4,2,1,F
1906,32,4,0,0,T
1998,4,4,0,0,F
2001,0,0,0,0,F
2008,2,2,2,1,F
2014,3,0,2,1,F
2087,39,6,0,0,T
2105,0,0,7,5,T
2118,2,2,0,0,F
2120,0,0,2,1,F
2172,4,4,2,1,F
2186,2,2,0,0,F
2265,0,0,5,3,T
2278,22,2,4,2,T
2279,3,3,2,1,F
2296,2,0,2,1,F
2316,3,3,0,0,F
2320,0,0,6,4,T
2506,0,0,0,0,F
2603,2,2,0,0,F
2621,5,5,0,0,F
2674,27,5,0,0,T
2688,0,0,0,0,F
2713,10,2,5,3,T
2742,24,4,0,0,T
2768,4,4,0,0,F
2770,56,7,0,0,T
2832,2,2,2,1,T
2881,2,0,0,0,F
2941,13,2,0,0,T
2959,0,0,0,0,F
3124,36,7,0,0,T
3131,1,1,0,0,T
3152,2,0,0,0,F
3167,1,1,0,0,F
3199,19,3,0,0,T
3260,20,2,0,0,T
3298,21,6,2,1,T
3463,4,4,2,1,F
3557,13,3,0,0,T
3613,7,2,2,1,F
3664,1,1,1,0,F
3702,3,0,0,0,F
3758,0,0,0,0,F
3760,0,0,2,1,T
3762,3,0,2,1,F
3800,0,0,2,1,F
3854,7,7,4,2,T
3897,0,0,0,0,F
3898,0,0,0,0,F
3912,0,0,7,4,T
3981,1,0,0,0,F
4021,2,0,2,1,T
4028,3,3,2,1,F
4126,3,0,0,0,F
4163,1,1,0,0,F
4182,0,0,0,0,F
4241,0,0,0,0,F
4256,11,1,2,1,F
4262,0,0,0,0,F
4271,18,3,2,1,T
4306,3,3,6,5,T
4329,7,7,0,0,F
4340,1,0,0,0,F
4366,7,2,2,1,F
4439,2,0,2,1,T
4444,2,2,0,0,F
4464,16,2,0,0,T
4471,9,1,0,0,F
4474,3,3,2,1,F
4568,4,0,2,1,F
4586,28,6,0,0,T
4603,2,2,0,0,F
4622,0,0,2,1,F
4780,2,2,2,1,F
4788,3,0,0,0,F
4854,2,2,0,0,F
4898,0,0,2,1,T
4917,0,0,0,0,F
5004,2,0,2,1,T
5053,8,3,2,1,F
5060,0,0,2,1,F
5116,7,3,3,2,T
5160,1,0,0,0,F
5166,3,3,1,0,F
5171,0,0,0,0,F
5243,3,0,2,1,F
5263,0,0,4,2,T
5265,3,3,2,1,F
5335,2,0,0,0,F
5346,2,0,0,0,F
5359,0,0,0,0,F
5460,8,1,2,1,F
5464,2,2,0,0,F
5549,1,0,0,0,F
5550,1,0,0,0,F
5551,15,2,0,0,T
5578,3,0,0,0,F
5609,7,2,0,0,F
5640,17,5,0,0,T
5678,0,0,0,0,F
5708,0,0,0,0,F
5763,3,0,2,1,F
5817,0,0,7,4,T
5844,0,0,2,1,F
5878,6,6,0,0,F
5881,0,0,2,1,T
5896,2,0,2,1,F
5914,25,4,2,0,T
5940,0,0,0,0,F
6003,0,0,2,0,F
6025,7,1,0,0,F
6087,1,1,2,1,T
6092,0,0,2,1,F
6113,3,0,0,0,F
6137,1,1,1,0,F
6158,11,2,0,0,T
6201,1,1,0,0,F
6243,0,0,9,5,T
6281,1,0,2,1,F
6322,0,0,0,0,F
6336,0,0,2,1,F
6405,0,0,2,1,F
6464,8,8,0,0,F
6495,0,0,2,1,F
6513,0,0,2,1,F
6522,1,0,0,0,F
6557,2,2,0,0,F
6580,2,2,0,0,F
6585,1,0,0,0,F
6599,0,0,0,0,F
6636,4,0,2,1,F
6662,0,0,0,0,F
6674,9,5,0,0,T
6752,4,0,2,1,F
6770,1,1,0,0,F
6807,23,6,5,3,T
6845,1,0,7,4,T
6868,0,0,4,2,T
6972,0,0,2,1,F
6984,10,2,4,2,T
7014,3,3,0,0,F
7033,4,4,1,0,T
7097,0,0,0,0,F
7115,0,0,0,0,F
7134,25,4,0,0,T
7142,0,0,4,3,T
7224,0,0,5,3,F
7231,13,5,0,0,T
7315,0,0,2,1,F
7355,2,0,2,1,F
7409,0,0,0,0,F
7437,24,4,8,4,T
7457,24,5,4,2,T
7501,1,1,2,1,F
7516,0,0,0,0,F
7542,3,0,2,1,F
7557,12,2,0,0,T
7653,0,0,4,2,T
7686,2,2,0,0,F
7733,0,0,0,0,F
7741,3,0,0,0,F
7781,2,0,0,0,F
7782,3,3,2,1,F
7918,12,2,0,0,T
7962,2,0,0,0,F
8001,0,0,0,0,F
8006,19,2,0,0,T
8157,0,0,0,0,F
8165,0,0,0,0,F
8188,0,0,2,1,F
8206,0,0,2,1,F
8212,2,2,4,2,T
8225,4,4,6,3,T
8279,2,0,0,0,F
8374,4,0,2,1,F
8473,0,0,7,4,T
8480,0,0,0,0,F
8500,0,0,2,1,F
8519,3,3,2,1,F
8539,3,0,2,1,F
8600,10,3,4,2,T
8701,0,0,0,0,F
8732,0,0,0,0,F
8743,22,2,2,0,T
8819,4,4,2,1,F
8851,11,4,1,0,T
8853,1,0,0,0,F
8873,0,0,0,0,F
8885,4,4,2,0,F
8904,0,0,0,0,F
8949,3,3,3,2,T
9022,20,4,5,3,T
9082,1,1,2,1,F
9109,9,3,0,0,F
9161,2,2,0,0,T
9166,2,0,2,0,F
9235,4,4,2,1,F
9277,0,0,2,0,F
9279,0,0,0,0,F
9310,0,0,0,0,F
9347,2,2,3,2,F
9392,0,0,0,0,F
9397,0,0,4,3,T
9461,1,1,2,1,F
9571,0,0,0,0,F
9601,0,0,2,1,F
9603,7,2,0,0,F
9616,2,2,0,0,F
9626,6,6,1,0,F
9664,2,0,2,1,F
9699,4,4,0,0,T
9701,0,0,2,1,F
9716,0,0,0,0,F
9806,3,0,0,0,F
9820,0,0,0,0,F
9827,11,4,0,0,T
9877,3,3,0,0,F
9913,0,0,2,1,F
10018,4,4,2,1,F
10056,9,2,0,0,F
10081,1,0,7,5,T
10153,0,0,4,2,T
10164,1,1,0,0,T
10194,10,2,0,0,F
10208,4,4,3,2,T
10226,4,0,4,2,T
10237,4,0,0,0,F
10285,0,0,0,0,F
10345,2,2,0,0,F
10375,3,3,0,0,F
10395,4,4,0,0,F
10399,3,3,0,0,F
10438,0,0,0,0,F
10439,0,0,2,0,F
10472,1,1,0,0,F
10538,6,2,2,1,F
10549,3,3,0,0,F
10561,6,6,0,0,F
10566,3,3,0,0,F
10641,10,1,0,0,F
10681,7,3,6,4,T
10771,0,0,2,1,F
10810,4,0,3,2,F
10829,1,1,0,0,F
10963,10,3,0,0,F
10982,36,5,0,0,T
11009,10,2,0,0,F
11020,2,0,7,4,T
11087,0,0,4,2,T
11090,0,0,2,1,F
11120,0,0,0,0,F
11125,23,3,0,0,T
1125,0,0,2,1,F
11279,3,0,0,0,F
11299,1,0,3,2,T
1133,0,0,1,0,F
11338,0,0,0,0,F
11367,0,0,0,0,F
11369,2,0,2,1,F
11397,0,0,2,1,F
11412,6,6,3,2,T
11452,2,2,2,1,F
11480,33,4,5,3,T
11499,4,0,0,0,F
11513,0,0,2,1,F
11522,2,0,0,0,F
11538,15,4,8,5,T
1154,4,4,0,0,F
11546,8,4,3,2,T
11569,20,2,0,0,T
11674,2,2,0,0,F
11830,2,0,0,0,F
11905,0,0,2,1,F
11925,28,7,4,2,F
11942,3,3,4,2,T
11986,1,0,2,1,F
1234,2,2,0,0,F
1294,1,1,0,0,F
1332,1,0,0,0,F
1337,6,2,0,0,F
1358,2,0,2,1,F
1392,3,0,2,1,F
1411,8,2,0,0,F
1414,11,6,4,2,T
1416,13,3,6,3,T
1441,4,0,2,1,F
1482,20,4,0,0,T
1486,4,0,0,0,F
1504,8,8,0,0,F
1516,0,0,0,0,F
1706,2,2,2,1,T
1707,0,0,2,1,T
1708,0,0,5,3,T
1742,26,6,2,1,T
1755,8,3,0,0,F
1781,0,0,2,1,F
1784,0,0,0,0,F
1854,0,0,0,0,F
1880,20,4,0,0,T
1920,0,0,2,1,F
1952,1,1,0,0,F
1978,0,0,4,3,T
1995,2,2,4,2,T
2006,0,0,0,0,F
2028,2,0,0,0,F
2071,44,4,2,1,T
2078,3,3,0,0,F
2080,9,2,5,3,T
2129,30,3,0,0,T
2139,33,6,2,1,T
2227,0,0,3,2,T
2241,0,0,0,0,F
2247,19,3,3,2,T
2321,0,0,2,1,F
2344,0,0,2,1,F
2402,2,0,4,2,T
2511,1,1,2,1,F
2549,0,0,0,0,F
2553,2,0,0,0,F
2695,0,0,0,0,F
2736,0,0,0,0,F
2753,1,0,6,3,T
2781,28,4,2,1,T
2789,10,2,2,1,F
2840,0,0,0,0,F
2890,0,0,0,0,F
2905,4,0,0,0,F
2911,0,0,0,0,F
3017,0,0,0,0,F
3028,3,3,0,0,F
3032,1,1,0,0,F
3035,18,4,4,3,T
3044,4,0,0,0,F
3064,0,0,1,0,T
3183,0,0,0,0,T
3185,0,0,2,1,F
3205,7,7,0,0,F
3241,0,0,4,2,F
3243,4,4,2,0,F
3263,2,0,0,0,F
3283,1,0,0,0,F
3299,0,0,0,0,F
3313,8,2,2,1,F
3316,4,0,2,1,F
3319,13,3,0,0,T
3424,0,0,2,0,T
3445,0,0,1,0,F
3485,18,2,2,0,T
3506,22,3,2,1,T
3514,23,3,2,1,T
3523,0,0,0,0,F
3533,0,0,0,0,F
3538,4,1,3,2,F
3576,10,4,4,2,F
3609,1,1,5,3,T
3741,8,1,2,1,F
3796,0,0,2,0,F
3797,0,0,2,1,F
3842,10,1,0,0,F
3905,1,1,0,0,F
3913,9,3,0,0,F
4033,0,0,0,0,F
4037,17,2,0,0,T
4097,0,0,0,0,F
4185,0,0,6,3,T
4194,28,4,2,1,T
4197,3,0,2,1,F
4304,0,0,6,3,T
4373,10,3,2,1,F
4420,4,4,0,0,F
4438,3,0,2,1,T
4502,1,0,2,1,F
4504,0,0,0,0,F
4544,0,0,1,0,F
4588,20,3,0,0,T
4600,10,2,2,1,F
4619,0,0,1,0,F
4719,6,6,0,0,F
4747,0,0,0,0,F
4772,33,4,0,0,T
4797,16,3,2,1,T
4809,0,0,0,0,F
4818,1,1,2,1,F
4827,10,4,0,0,F
4842,4,4,2,1,F
4843,5,5,0,0,F
4845,4,0,0,0,F
4897,0,0,2,1,F
4916,50,5,0,0,T
4921,0,0,0,0,F
4927,3,3,0,0,F
5078,0,0,0,0,F
5142,3,0,0,0,F
5174,0,0,0,0,F
5190,4,4,0,0,F
5205,1,1,0,0,F
5208,2,2,5,3,T
5248,2,0,4,2,F
5284,1,0,4,2,T
5291,4,4,2,1,F
5299,3,3,0,0,F
5336,3,0,4,2,T
5337,0,0,0,0,F
5373,11,3,0,0,T
5383,7,2,9,5,T
5384,1,1,0,0,F
5390,0,0,0,0,F
5406,0,0,0,0,F
5481,2,2,2,1,F
5496,3,3,0,0,F
5513,6,2,0,0,F
5545,0,0,2,1,T
5561,29,4,2,1,T
5572,0,0,0,0,F
5623,3,0,0,0,T
5652,0,0,0,0,F
5672,1,1,0,0,F
5685,0,0,0,0,F
5691,3,0,3,2,T
5703,0,0,0,0,F
5759,0,0,0,0,F
5772,3,0,2,0,F
5775,0,0,0,0,F
5796,2,2,2,1,F
5830,2,0,0,0,F
5835,0,0,2,1,F
5854,3,3,2,1,T
5886,0,0,0,0,F
5894,6,1,2,1,F
5941,0,0,1,0,F
5979,0,0,0,0,F
5988,0,0,4,2,T
5991,0,0,0,0,F
6006,1,1,3,2,T
6026,0,0,2,1,F
6129,0,0,2,1,F
6150,0,0,0,0,F
6174,0,0,0,0,F
6179,0,0,2,1,F
6244,0,0,0,0,F
6299,3,0,2,1,F
6301,2,2,2,1,F
6310,1,0,2,1,F
6358,6,6,0,0,F
6385,0,0,4,2,T
6397,4,4,2,1,F
6432,0,0,0,0,F
6455,3,3,4,2,T
6480,6,6,2,1,F
6520,2,2,0,0,F
6539,0,0,0,0,F
6592,4,4,2,1,T
6605,8,1,2,1,F
6627,7,2,1,0,F
6640,2,2,2,1,F
6644,6,6,0,0,F
6673,0,0,0,0,F
6679,24,3,1,0,T
6726,0,0,0,0,F
6763,0,0,0,0,F
6766,1,1,0,0,F
6771,0,0,0,0,F
6786,1,1,2,1,F
6819,0,0,0,0,F
6862,1,0,0,0,F
6870,3,0,3,2,T
6878,1,1,4,2,T
6901,3,3,0,0,F
6908,5,5,0,0,F
6981,2,2,4,2,T
6997,0,0,2,1,F
7068,4,0,3,2,T
7098,2,0,0,0,F
7162,30,4,0,0,T
7171,0,0,2,1,F
7174,0,0,0,0,F
7186,2,2,1,0,F
7220,8,2,0,0,F
7277,0,0,0,0,F
7299,4,0,2,1,F
7300,10,4,2,1,F
7343,3,0,0,0,F
7368,0,0,5,4,T
7379,0,0,5,4,T
7380,1,0,0,0,F
7386,0,0,0,0,F
7389,0,0,2,0,F
7425,0,0,3,2,T
7428,0,0,4,2,T
7442,3,3,4,2,T
7446,0,0,2,1,F
7462,3,3,0,0,F
7467,4,4,2,1,F
7500,4,0,0,0,F
7553,4,4,8,4,F
7600,1,1,10,5,T
7641,0,0,0,0,F
7798,4,4,0,0,F
7815,0,0,0,0,F
7836,4,4,2,1,F
7858,4,4,0,0,F
8022,2,2,2,1,F
8024,3,3,2,1,F
8064,0,0,0,0,F
8100,28,4,0,0,T
8124,13,2,4,2,T
8141,27,6,2,1,T
8143,0,0,2,1,T
8177,0,0,0,0,F
8183,4,4,2,1,F
8234,1,0,1,0,F
8246,2,2,0,0,F
8353,5,5,0,0,F
8382,1,0,0,0,F
8397,3,3,0,0,F
8417,5,5,0,0,F
8442,7,1,2,1,F
8463,6,6,2,1,F
8465,0,0,3,2,T
8472,2,2,0,0,F
8534,25,4,0,0,T
8567,9,1,2,1,F
8603,2,2,2,1,T
8629,0,0,5,4,T
8707,0,0,7,5,T
8721,0,0,2,1,F
8722,11,1,0,0,T
8730,2,0,0,0,F
8821,2,0,0,0,F
8831,9,1,2,0,F
8841,52,8,3,2,T
8930,4,4,0,0,F
8941,69,7,0,0,T
8961,1,1,0,0,F
8988,0,0,4,2,T
9113,9,5,0,0,F
9123,11,2,0,0,T
9126,1,0,0,0,F
9130,4,0,0,0,F
9140,2,2,0,0,F
9209,4,4,0,0,T
9220,0,0,0,0,F
9226,1,1,2,1,F
9239,3,3,4,2,T
9240,3,0,0,0,F
9330,7,7,0,0,F
9335,18,8,6,5,T
9342,20,6,4,2,T
9375,0,0,0,0,F
9402,0,0,2,1,F
9404,0,0,0,0,F
9411,3,3,0,0,F
9514,0,0,7,4,T
9565,4,4,2,1,F
9698,3,3,2,1,F
9707,3,0,2,1,T
9760,1,1,0,0,F
9810,0,0,0,0,F
9862,14,2,3,2,T
9890,2,0,0,0,F
9895,0,0,0,0,F
9916,28,5,0,0,T
9974,0,0,2,1,F
9980,3,3,0,0,F
9994,0,0,6,3,T
10057,6,6,2,1,F
10059,0,0,0,0,F
1006,1,1,0,0,T
10061,1,1,2,1,F
10131,0,0,7,4,T
10142,3,0,2,1,F
10154,4,4,2,1,F
1025,4,0,2,1,F
10260,6,6,0,0,F
10293,4,0,2,1,F
10318,2,2,10,5,T
10329,2,0,0,0,F
10331,22,5,2,1,T
10409,2,0,0,0,F
10492,0,0,3,2,T
10705,0,0,4,2,T
10724,0,0,2,1,F
10787,0,0,0,0,F
10796,0,0,2,1,F
10824,4,4,2,1,F
10852,2,2,2,1,F
10862,3,3,9,5,T
10905,0,0,0,0,F
10912,8,3,0,0,F
10961,2,2,2,1,F
11035,15,2,7,5,T
11051,0,0,0,0,F
11058,0,0,3,2,T
11092,3,3,2,1,F
11105,8,4,8,4,T
11109,2,0,0,0,F
11204,0,0,4,2,T
11207,9,3,2,1,F
11286,1,1,0,0,F
11309,0,0,0,0,F
11318,7,1,1,0,F
1141,0,0,0,0,F
11417,1,0,0,0,F
11458,4,0,0,0,F
11461,0,0,2,1,F
1148,1,1,3,2,T
11497,0,0,0,0,F
11504,2,2,0,0,F
11507,0,0,2,1,F
11519,0,0,2,0,F
11561,5,5,5,3,T
11572,0,0,0,0,F
11578,18,3,0,0,T
11583,22,3,0,0,T
11592,7,1,3,2,T
11599,3,0,4,2,F
11625,7,3,2,1,F
11636,1,0,4,3,T
11647,1,0,0,0,F
11669,0,0,0,0,F
11670,4,0,0,0,F
11696,0,0,2,1,F
11724,2,0,2,1,F
11725,0,0,1,0,F
11740,1,0,2,1,F
11743,0,0,4,2,T
1175,10,1,2,1,F
11758,0,0,0,0,F
11883,3,0,0,0,F
11922,0,0,2,1,F
11939,0,0,2,1,F
1201,3,3,0,0,F
1203,1,0,2,1,F
1205,0,0,0,0,F
1244,2,2,0,0,F
1465,0,0,0,0,F
1543,2,2,0,0,F
1573,6,6,0,0,F
1578,31,6,0,0,T
1662,1,1,0,0,F
1693,0,0,4,2,T
1694,6,6,0,0,F
1717,1,1,2,1,F
1719,8,8,0,0,T
1761,8,2,2,0,T
1772,0,0,3,2,T
1794,0,0,2,1,F
1807,2,2,4,2,T
1887,13,3,2,1,T
1922,3,0,0,0,F
1925,1,0,2,1,F
1928,0,0,6,5,T
2053,4,0,0,0,F
2108,8,1,5,3,T
2117,5,5,2,1,T
2122,4,0,3,2,T
2175,1,0,0,0,F
2249,8,8,2,1,F
2260,0,0,2,1,F
2288,4,0,2,0,F
2317,0,0,0,0,F
2343,0,0,2,0,F
2381,0,0,2,1,F
2399,3,3,0,0,F
2413,0,0,0,0,F
2417,4,4,0,0,F
2420,4,4,3,2,T
2423,4,4,0,0,F
2441,4,4,2,1,F
2442,1,1,2,1,F
2445,0,0,0,0,F
2461,33,3,2,1,T
2485,0,0,0,0,F
2500,12,2,0,0,T
2527,2,2,2,1,F
2535,29,6,0,0,T
2551,14,3,0,0,T
2557,0,0,2,1,F
2565,3,0,0,0,F
2575,0,0,4,2,T
2583,10,1,0,0,F
2631,14,2,3,2,T
2663,0,0,2,1,F
2706,13,3,4,2,T
2842,3,0,0,0,F
2874,2,0,0,0,T
2908,1,0,0,0,F
2920,0,0,0,0,T
2948,5,5,0,0,F
2980,2,0,0,0,F
2981,0,0,0,0,F
2998,42,6,0,0,T
3008,8,1,0,0,F
3014,3,0,0,0,F
3094,2,2,2,1,F
3100,0,0,2,1,F
3134,0,0,2,1,T
3151,2,2,2,1,F
3161,8,1,3,2,T
3286,0,0,0,0,F
3358,0,0,0,0,F
3396,7,1,0,0,F
3402,9,1,0,0,F
3412,1,0,0,0,F
3437,4,4,2,1,F
3444,3,0,0,0,F
3567,0,0,3,2,T
3575,0,0,0,0,F
3592,5,5,2,1,F
3638,1,1,0,0,F
3641,0,0,0,0,F
3651,3,3,0,0,F
3668,28,5,0,0,T
3677,19,4,1,0,T
3697,0,0,0,0,F
3718,3,0,0,0,F
3720,0,0,0,0,F
3753,9,3,0,0,F
3759,3,3,2,0,F
3843,36,4,0,0,T
3925,44,4,3,2,T
3941,0,0,0,0,F
3966,0,0,4,2,T
3972,3,0,2,1,F
3977,0,0,2,1,F
3979,0,0,2,1,F
3994,1,0,2,1,F
4022,2,0,2,1,T
